VariantLabel,FWPattern,HWPattern,Realization,Log10Kxx,Log10Kyy,Log10Kzz,SandFrac3D,AcrossFaultSandConnected3D,VerticalSandConnected3D,StrikeSandConnected3D,MaxSandObjectX3D,MaxSandObjectZ3D,MaxSandObjectY3D,NumSegments,SegmentAcrossFaultConnFraction,UpperHalfSandFracMean,LowerHalfSandFracMean,MeanPsmear,MinPsmear
uniform_SCSC,SCSC,S,1,-4.01837713993778,0.594949331834063,-0.921254819804101,0.205772727272727,0,0,1,0.99,0.99,1,11,0,0.331218181818182,0.0803272727272727,1,1
uniform_SCSC,SCSC,S,2,-2.14468820073552,0.775788120684364,-0.37472759328068,0.282872727272727,1,0,1,1,0.98,1,11,0,0.452763636363636,0.112981818181818,1,1
uniform_SCSC,SCSC,S,3,-4.26430546742986,1.03896639387908,0.139669712478556,0.2692,0,0,1,0.94,0.94,1,9,0,0.444777777777778,0.0936222222222222,1,1
uniform_SCSC,SCSC,S,4,-0.542936552780137,1.54288208264321,0.805637163369689,0.323709090909091,1,1,1,1,1,1,11,0,0.539927272727273,0.107490909090909,1,1
uniform_SCSC,SCSC,S,5,-3.62379162190584,1.63670176663547,-0.481039969338198,0.43435,0,0,1,0.97,0.97,1,4,0,0.58725,0.28145,1,1
uniform_SCSC,SCSC,S,6,-1.26329696647285,0.770536126961817,0.874200624220229,0.2902,1,1,1,1,1,1,12,0,0.44825,0.13215,1,1
uniform_SCSC,SCSC,S,7,-0.596528163910536,1.39530213462749,0.852088038391089,0.357111111111111,1,1,1,1,1,1,9,0.111111111111111,0.534333333333333,0.179888888888889,1,1
uniform_SCSC,SCSC,S,8,-0.994158047436106,1.0648240617326,-0.438585727748964,0.315376923076923,1,1,1,1,1,1,13,0,0.556169230769231,0.0745846153846154,1,1
uniform_SCSC,SCSC,S,9,-3.85857330575163,1.26766893257255,-0.343597861226897,0.333733333333333,0,0,1,0.99,0.99,1,12,0,0.51425,0.153216666666667,1,1
uniform_SCSC,SCSC,S,10,-1.66540725498791,1.13875497853451,0.446813763394393,0.32405,1,1,1,1,1,1,10,0,0.5599,0.0882,1,1
uniform_SCSC,SCSC,S,11,-1.83958217211496,0.563927578651818,-0.37830793550675,0.255581818181818,1,0,1,1,0.97,1,11,0,0.436272727272727,0.0748909090909091,1,1
uniform_SCSC,SCSC,S,12,-0.165025610091251,0.811859953209642,0.881065578087598,0.291327272727273,1,1,1,1,1,1,11,0,0.483054545454546,0.0996,1,1
uniform_SCSC,SCSC,S,13,-2.13608334912313,0.749716884303712,-3.49907073818559,0.239633333333333,1,0,1,1,0.83,1,6,0,0.431633333333333,0.0476333333333333,1,1
uniform_SCSC,SCSC,S,14,-2.32892963769869,0.833210743400754,-0.286839478001963,0.2781,1,1,1,1,1,1,9,0,0.510866666666667,0.0453333333333333,1,1
uniform_SCSC,SCSC,S,15,-1.4979855764404,0.710577327962832,-3.31759888967151,0.2458375,1,0,1,1,0.88,1,8,0,0.4214,0.070275,1,1
uniform_SCSC,SCSC,S,16,-0.315062197121455,0.776778992336649,1.09201960250717,0.297722222222222,1,1,1,1,1,1,9,0,0.488222222222222,0.107222222222222,1,1
uniform_SCSC,SCSC,S,17,-3.8794649123558,1.46877814653413,-1.68772214687494,0.3446375,0,0,1,0.99,0.99,1,8,0,0.571575,0.1177,1,1
uniform_SCSC,SCSC,S,18,-4.34989863844254,0.580457905048669,-0.983690814468001,0.181185714285714,0,0,1,0.91,0.91,1,7,0,0.300828571428571,0.0615428571428571,1,1
uniform_SCSC,SCSC,S,19,0.0875383955767626,1.98134548194491,1.19469548785692,0.526,1,1,1,1,1,1,4,0.25,0.7115,0.3405,1,1
uniform_SCSC,SCSC,S,20,-0.674470446252086,0.993886533550963,1.02927405582959,0.347416666666667,1,1,1,1,1,1,12,0.0833333333333333,0.533283333333333,0.16155,1,1
uniform_SCSC,SCSC,S,21,-0.484627958275339,1.10006598623801,0.796315648100887,0.335309090909091,1,1,1,1,1,1,11,0.0909090909090909,0.527363636363636,0.143254545454545,1,1
uniform_SCSC,SCSC,S,22,-0.522547834921,1.48422264210601,0.988148601024376,0.368108333333333,1,1,1,1,1,1,12,0.0833333333333333,0.557416666666667,0.1788,1,1
uniform_SCSC,SCSC,S,23,-0.348171641191124,1.52036856739288,1.34162584685682,0.408,1,1,1,1,1,1,8,0.125,0.619325,0.196675,1,1
uniform_SCSC,SCSC,S,24,-0.709852228995991,0.683187324285118,0.889480736002711,0.251690909090909,1,1,1,1,1,1,11,0.0909090909090909,0.392436363636364,0.110945454545455,1,1
uniform_SCSC,SCSC,S,25,-4.12175110260758,0.609612617064998,-0.332364142604601,0.2506,0,0,1,0.96,0.96,1,6,0,0.388366666666667,0.112833333333333,1,1
uniform_SCSC,SCSC,S,26,-4.36426909780104,0.475660981493482,-3.61089625780721,0.157675,0,0,1,0.85,0.85,1,8,0,0.28875,0.0266,1,1
uniform_SCSC,SCSC,S,27,-4.09562357743374,0.769410249316112,-0.250528307913228,0.27868,0,0,1,0.96,0.96,1,5,0,0.40008,0.15728,1,1
uniform_SCSC,SCSC,S,28,-4.15332814957513,0.709943960982043,-1.25728732487081,0.20284,0,0,1,0.99,0.99,1,5,0,0.30732,0.09836,1,1
uniform_SCSC,SCSC,S,29,-1.59184960350283,1.43294692885175,0.952257692477777,0.350990909090909,1,1,1,1,1,1,11,0,0.528563636363636,0.173418181818182,1,1
uniform_SCSC,SCSC,S,30,-1.93098855414706,0.784810600002223,0.0782833070338671,0.281966666666667,1,1,1,1,1,1,12,0,0.45005,0.113883333333333,1,1
uniform_SCSC,SCSC,S,31,-3.70316852155474,1.2576608690185,-3.95953639065804,0.286966666666667,1,0,1,1,0.7,1,3,0,0.538066666666667,0.0358666666666667,1,1
uniform_SCSC,SCSC,S,32,-4.00896333005632,1.67031946206969,-0.786002239023336,0.353,0,0,1,0.93,0.93,1,8,0,0.564275,0.141725,1,1
uniform_SCSC,SCSC,S,33,-4.09467554141734,0.880530690748491,-1.9178892391046,0.284430769230769,0,0,1,0.98,0.98,1,13,0,0.465753846153846,0.103107692307692,1,1
uniform_SCSC,SCSC,S,34,-0.696680063786162,1.54898884923381,1.11725126026735,0.384,1,1,1,1,1,1,8,0,0.60245,0.16555,1,1
uniform_SCSC,SCSC,S,35,-4.1037393484673,0.791458428261721,-1.32755269646906,0.3004,0,0,1,0.92,0.92,1,4,0,0.4647,0.1361,1,1
uniform_SCSC,SCSC,S,36,-4.08792557837086,0.894152511793598,0.622281864046999,0.298581818181818,0,1,1,0.96,1,1,11,0,0.479927272727273,0.117236363636364,1,1
uniform_SCSC,SCSC,S,37,-0.516921987157817,1.00193453397698,0.699784942908348,0.278988888888889,1,1,1,1,1,1,9,0.111111111111111,0.453177777777778,0.1048,1,1
uniform_SCSC,SCSC,S,38,0.287216194607551,1.24147643086004,1.29085829350799,0.385054545454545,1,1,1,1,1,1,11,0.272727272727273,0.549163636363636,0.220945454545455,1,1
uniform_SCSC,SCSC,S,39,-1.65703664391882,0.54739589827855,-3.71683225748495,0.159377777777778,1,0,1,1,0.81,1,9,0,0.294155555555556,0.0246,1,1
uniform_SCSC,SCSC,S,40,-0.756252861209378,1.01536902993357,0.72943036199088,0.373909090909091,1,1,1,1,1,1,11,0.0909090909090909,0.540654545454545,0.207163636363636,1,1
uniform_SCSC,SCSC,S,41,-1.96841854804214,0.968456755035299,-3.35350941090955,0.2497,1,0,1,1,0.86,1,9,0,0.448822222222222,0.0505777777777778,1,1
uniform_SCSC,SCSC,S,42,-2.23052132359788,0.543710042828632,-3.55693873849976,0.191788888888889,1,0,1,1,0.85,1,9,0,0.347955555555556,0.0356222222222222,1,1
uniform_SCSC,SCSC,S,43,-4.22866991667014,0.560499563629954,-3.70762952258119,0.2182,0,0,1,0.85,0.73,1,5,0,0.40568,0.03072,1,1
uniform_SCSC,SCSC,S,44,-2.22163596687187,0.733073189681261,0.536963991613971,0.25749,1,1,1,1,1,1,10,0,0.43208,0.0829,1,1
uniform_SCSC,SCSC,S,45,-4.13183155265965,0.777721841993722,-0.0545742905505244,0.2436875,0,0,1,0.92,0.92,1,8,0,0.400225,0.08715,1,1
uniform_SCSC,SCSC,S,46,-2.11641376207908,1.26306445348907,-3.62015180241983,0.30182,1,0,1,1,0.83,1,10,0,0.54544,0.0582,1,1
uniform_SCSC,SCSC,S,47,-2.04777076135487,1.60989081361279,-3.49042999765405,0.3227,1,0,1,1,0.84,1,4,0,0.5658,0.0796,1,1
uniform_SCSC,SCSC,S,48,-4.35247913686111,0.598263336607962,-1.71681340823688,0.196,0,0,1,0.87,0.87,1,5,0,0.33136,0.06064,1,1
uniform_SCSC,SCSC,S,49,-0.639957790486591,0.966679974161039,-3.58341063122686,0.258976923076923,1,0,1,1,0.87,1,13,0,0.471661538461539,0.0462923076923077,1,1
uniform_SCSC,SCSC,S,50,-3.86964103938802,0.691755034624374,-1.15849635353711,0.315066666666667,0,0,1,0.92,0.92,1,3,0,0.449066666666667,0.181066666666667,1,1
uniform_SCSC,SCSC,S,51,-4.00120028537671,0.666969369187593,-1.15600823207901,0.258972727272727,0,0,1,0.97,0.97,1,11,0,0.398036363636364,0.119909090909091,1,1
uniform_SCSC,SCSC,S,52,-4.3364714876358,0.605884864300578,-3.6895785014165,0.21203,0,0,1,0.86,0.82,1,10,0,0.3886,0.03546,1,1
uniform_SCSC,SCSC,S,53,-0.505486166390829,1.279907257508,1.38621944007895,0.4262,1,1,1,1,1,1,11,0.0909090909090909,0.632763636363636,0.219636363636364,1,1
uniform_SCSC,SCSC,S,54,-1.3698533826172,0.719828203413591,-1.42042479496053,0.251241666666667,1,0,1,1,0.97,1,12,0,0.43815,0.0643333333333333,1,1
uniform_SCSC,SCSC,S,55,-0.153127423489861,0.493616526595429,1.17814092012655,0.3368,1,1,1,1,1,1,3,0.333333333333333,0.480066666666667,0.193533333333333,1,1
uniform_SCSC,SCSC,S,56,-3.90354037022751,0.792266393672894,-0.369440978548425,0.3049,0,0,1,0.99,0.99,1,5,0,0.4726,0.1372,1,1
uniform_SCSC,SCSC,S,57,-2.22218751263195,1.2508345828433,-3.70987688684804,0.237466666666667,1,0,1,1,0.79,1,3,0,0.4328,0.0421333333333333,1,1
uniform_SCSC,SCSC,S,58,-0.0481704697549992,0.950480684937811,0.812632673165224,0.363436363636364,1,1,1,1,1,1,11,0.0909090909090909,0.525618181818182,0.201254545454545,1,1
uniform_SCSC,SCSC,S,59,-3.53005656172679,0.624079872015602,-3.29343813052495,0.279733333333333,1,0,1,1,0.88,1,6,0,0.486333333333333,0.0731333333333333,1,1
uniform_SCSC,SCSC,S,60,-2.52045264901057,0.862841384172587,0.0517090521949499,0.256516666666667,1,0,1,1,0.94,1,12,0,0.43745,0.0755833333333333,1,1
uniform_SCSC,SCSC,S,61,-1.06368347500509,1.50612531903807,0.547262141694451,0.288655555555556,1,1,1,1,1,1,9,0,0.500555555555556,0.0767555555555555,1,1
uniform_SCSC,SCSC,S,62,-1.39819749438981,1.10582533983447,0.695440870874813,0.25417,1,1,1,1,1,1,10,0,0.40742,0.10092,1,1
uniform_SCSC,SCSC,S,63,0.127883913292255,1.63304774339408,1.10208396147616,0.405,1,1,1,1,1,1,6,0.166666666666667,0.595366666666667,0.214633333333333,1,1
uniform_SCSC,SCSC,S,64,-0.624493314407372,0.728319614656362,1.00471279996136,0.215583333333333,1,1,1,1,1,1,12,0,0.34465,0.0865166666666667,1,1
uniform_SCSC,SCSC,S,65,-0.892238917442758,0.684503598277093,0.653878304562551,0.310066666666667,1,1,1,1,1,1,12,0,0.479233333333333,0.1409,1,1
uniform_SCSC,SCSC,S,66,-1.37149303602506,0.52156331173486,0.243782703295897,0.240475,1,1,1,1,1,1,8,0,0.3985,0.08245,1,1
uniform_SCSC,SCSC,S,67,-4.15707745923675,0.879038490262725,-1.72053135767915,0.2012,0,0,1,0.95,0.95,1,11,0,0.346727272727273,0.0556727272727273,1,1
uniform_SCSC,SCSC,S,68,-0.666306214108194,0.609116851287254,1.18227212785178,0.2738,1,1,1,1,1,1,8,0.125,0.412225,0.135375,1,1
uniform_SCSC,SCSC,S,69,-4.45114553764848,1.41833702373823,-3.95671639263708,0.177675,0,0,1,0.71,0.71,1,4,0,0.3368,0.01855,1,1
uniform_SCSC,SCSC,S,70,-0.198341998467274,0.601054306176822,1.2257857830682,0.298066666666667,1,1,1,1,1,1,6,0.166666666666667,0.471966666666667,0.124166666666667,1,1
uniform_SCSC,SCSC,S,71,-2.54452545416847,0.83650721748544,0.961927903187347,0.29947,1,1,1,1,1,1,10,0,0.4779,0.12104,1,1
uniform_SCSC,SCSC,S,72,-1.34504178508354,1.19787961990133,0.635796636782845,0.35821,1,1,1,1,1,1,10,0,0.5885,0.12792,1,1
uniform_SCSC,SCSC,S,73,-1.3458324876349,0.637800515117329,0.830564510640082,0.26555,1,1,1,1,1,1,6,0,0.440533333333333,0.0905666666666667,1,1
uniform_SCSC,SCSC,S,74,-4.09078811107902,0.521757751654132,-1.18640055272397,0.224436363636364,0,0,1,0.96,0.96,1,11,0,0.360636363636364,0.0882363636363636,1,1
uniform_SCSC,SCSC,S,75,-4.1825675681571,1.09196052461172,0.00413277570528983,0.30638,0,0,1,0.96,0.96,1,10,0,0.52448,0.08828,1,1
uniform_SCSC,SCSC,S,76,-3.73841343735221,0.875352785434041,-0.953728852522126,0.364069230769231,0,0,1,0.99,0.99,1,13,0,0.529676923076923,0.198461538461538,1,1
uniform_SCSC,SCSC,S,77,-4.26263213713372,0.852295673964424,-3.62517443026422,0.205342857142857,0,0,1,0.84,0.84,1,7,0,0.372457142857143,0.0382285714285714,1,1
uniform_SCSC,SCSC,S,78,-4.332352401687,0.628996670060646,-1.45911407628849,0.21329,0,0,1,0.92,0.92,1,10,0,0.37128,0.0553,1,1
uniform_SCSC,SCSC,S,79,-3.31311545564274,1.56803579019432,0.859894320045312,0.389666666666667,1,1,1,1,1,1,3,0,0.6394,0.139933333333333,1,1
uniform_SCSC,SCSC,S,80,-1.77119255938295,0.702928291675701,-1.15600284153296,0.257488888888889,1,0,1,1,0.89,1,9,0,0.451022222222222,0.0639555555555556,1,1
nonuniform_SSSC,SSSC,S,1,-4.00028460042814,0.901920316696644,-1.60705455053734,0.274641666666667,0,0,1,0.98,0.98,1,12,0,0.346766666666667,0.202516666666667,1,1
nonuniform_SSSC,SSSC,S,2,-3.97153703527214,1.03810499966507,-0.623076737582657,0.37546,0,0,1,0.93,0.93,1,10,0,0.4436,0.30732,1,1
nonuniform_SSSC,SSSC,S,3,-4.03908530031252,1.82280239951799,-1.32290729460394,0.4262375,0,0,1,0.96,0.96,1,8,0,0.514125,0.33835,1,1
nonuniform_SSSC,SSSC,S,4,-4.12056208366959,1.53049260989987,-0.869542009705508,0.3057,0,0,1,0.91,0.91,1,8,0,0.39905,0.21235,1,1
nonuniform_SSSC,SSSC,S,5,-0.658831842741009,0.736863096874572,0.696858897458351,0.268766666666667,1,1,1,1,1,1,9,0.111111111111111,0.339866666666667,0.197666666666667,1,1
nonuniform_SSSC,SSSC,S,6,-4.07422937973276,0.726209054816916,-0.16952868988881,0.32743,0,0,1,0.93,0.93,1,10,0,0.38682,0.26804,1,1
nonuniform_SSSC,SSSC,S,7,-0.262783385893702,1.16969832920747,0.87120261005595,0.44677,1,1,1,1,1,1,10,0.1,0.50748,0.38606,1,1
nonuniform_SSSC,SSSC,S,8,-3.90376741401778,1.74223777142873,0.322015416270514,0.394125,0,0,1,0.99,0.99,1,4,0,0.4803,0.30795,1,1
nonuniform_SSSC,SSSC,S,9,-4.1813903552059,0.898045527528935,-0.64718777263825,0.262115384615385,0,0,1,0.95,0.95,1,13,0,0.335769230769231,0.188461538461538,1,1
nonuniform_SSSC,SSSC,S,10,0.409237453458268,1.07690838913917,1.38316458986694,0.453942857142857,1,1,1,1,1,1,7,0.285714285714286,0.512914285714286,0.394971428571429,1,1
nonuniform_SSSC,SSSC,S,11,-4.18425836519564,0.942404008023859,-1.39478487035867,0.28783,0,0,1,0.92,0.92,1,10,0,0.369,0.20666,1,1
nonuniform_SSSC,SSSC,S,12,-4.33589377789719,0.773843110020939,-0.407650075929706,0.246653846153846,0,0,1,0.88,0.88,1,13,0,0.319,0.174307692307692,1,1
nonuniform_SSSC,SSSC,S,13,-4.29973701805422,0.528726341187231,-1.61302029419462,0.159566666666667,0,0,1,0.79,0.79,1,6,0,0.199433333333333,0.1197,1,1
nonuniform_SSSC,SSSC,S,14,-4.11758710506918,0.777047306657269,-0.256389993731584,0.23819,0,0,1,0.97,0.97,1,10,0,0.29582,0.18056,1,1
nonuniform_SSSC,SSSC,S,15,-0.123222670568033,1.77002468875123,1.09962822915714,0.4912,1,1,1,1,1,1,9,0.111111111111111,0.566355555555556,0.416044444444444,1,1
nonuniform_SSSC,SSSC,S,16,-3.94434670522813,0.827355286582438,0.206202389917613,0.341733333333333,0,0,1,0.98,0.98,1,9,0,0.414355555555556,0.269111111111111,1,1
nonuniform_SSSC,SSSC,S,17,-0.680720744117124,0.693247960551195,0.783756450925471,0.324322222222222,1,1,1,1,1,1,9,0.111111111111111,0.384444444444444,0.2642,1,1
nonuniform_SSSC,SSSC,S,18,-3.88563066173975,1.5595778391427,-0.124055902326453,0.437263636363636,0,0,1,0.97,0.97,1,11,0,0.513036363636364,0.361490909090909,1,1
nonuniform_SSSC,SSSC,S,19,-0.239616214488874,1.29349983770865,1.10906572005858,0.4879,1,1,1,1,1,1,6,0.166666666666667,0.5502,0.4256,1,1
nonuniform_SSSC,SSSC,S,20,-4.09634135443849,0.708345500904238,-0.225582895805451,0.224,0,0,1,0.95,0.95,1,9,0,0.288622222222222,0.159377777777778,1,1
nonuniform_SSSC,SSSC,S,21,-4.20255214758417,0.53961548629594,-0.925010095539907,0.288111111111111,0,0,1,0.89,0.89,1,9,0,0.339666666666667,0.236555555555556,1,1
nonuniform_SSSC,SSSC,S,22,-0.0637361163786041,0.756801031663835,1.0391654453129,0.374657142857143,1,1,1,1,1,1,7,0.142857142857143,0.431885714285714,0.317428571428571,1,1
nonuniform_SSSC,SSSC,S,23,-4.1689992436231,0.722168106054715,-2.04113547169414,0.243528571428571,0,0,1,0.86,0.86,1,7,0,0.316028571428571,0.171028571428571,1,1
nonuniform_SSSC,SSSC,S,24,-4.53049297155363,0.541409407005112,-1.56769846219117,0.164527272727273,0,0,1,0.84,0.84,1,11,0,0.223109090909091,0.105945454545455,1,1
nonuniform_SSSC,SSSC,S,25,-4.07977076946924,1.37977659794247,-0.639524894064379,0.34576,0,0,1,0.93,0.93,1,10,0,0.43656,0.25496,1,1
nonuniform_SSSC,SSSC,S,26,-3.80309644809687,0.870679906280543,-1.08136609312337,0.4061,0,0,1,0.99,0.99,1,9,0,0.464333333333333,0.347866666666667,1,1
nonuniform_SSSC,SSSC,S,27,-4.2123676708454,0.625922570946937,-0.778357449131647,0.233172727272727,0,0,1,0.97,0.97,1,11,0,0.279072727272727,0.187272727272727,1,1
nonuniform_SSSC,SSSC,S,28,-4.61438293515332,0.621296085864078,-2.3591126731184,0.127125,0,0,1,0.68,0.68,1,8,0,0.1937,0.06055,1,1
nonuniform_SSSC,SSSC,S,29,-3.92632629185437,0.812105418491003,-0.131017281883885,0.321988888888889,0,0,1,0.99,0.99,1,9,0,0.3918,0.252177777777778,1,1
nonuniform_SSSC,SSSC,S,30,-4.2368999155154,0.690373386323599,-1.81067867889662,0.232327272727273,0,0,1,0.96,0.96,1,11,0,0.295109090909091,0.169545454545455,1,1
nonuniform_SSSC,SSSC,S,31,-4.07697557245574,0.978025025078053,-0.0354597615475256,0.32419,0,0,1,0.95,0.95,1,10,0,0.40122,0.24716,1,1
nonuniform_SSSC,SSSC,S,32,-4.0809956779892,0.908579120822002,-0.0690708223712275,0.28075,0,0,1,0.93,0.93,1,8,0,0.363275,0.198225,1,1
nonuniform_SSSC,SSSC,S,33,-4.44023491762843,0.45124772763472,-3.70713531617709,0.0876,0,0,1,0.62,0.62,1,4,0,0.13755,0.03765,1,1
nonuniform_SSSC,SSSC,S,34,-4.0670913406112,0.841972478858899,-1.2030813562543,0.33855,0,0,1,0.91,0.91,1,10,0,0.4023,0.2748,1,1
nonuniform_SSSC,SSSC,S,35,-4.37342388031904,0.833438179602496,-0.714349825049893,0.19937,0,0,1,0.92,0.92,1,10,0,0.26816,0.13058,1,1
nonuniform_SSSC,SSSC,S,36,-4.36065801280401,0.48852867558488,-2.74595278142587,0.132063636363636,0,0,1,0.85,0.85,1,11,0,0.184454545454545,0.0796727272727273,1,1
nonuniform_SSSC,SSSC,S,37,-4.48442643567834,0.659831612642721,-3.05006826103373,0.131333333333333,0,0,1,0.73,0.73,1,12,0,0.199633333333333,0.0630333333333333,1,1
nonuniform_SSSC,SSSC,S,38,-4.14254300065696,0.964865542230422,-0.957717927405802,0.347116666666667,0,0,1,0.98,0.98,1,12,0,0.413716666666667,0.280516666666667,1,1
nonuniform_SSSC,SSSC,S,39,-4.03897481544898,1.19835100016965,-0.863329848091888,0.2924,0,0,1,0.89,0.89,1,7,0,0.367457142857143,0.217342857142857,1,1
nonuniform_SSSC,SSSC,S,40,-4.47921999404865,0.543756091091308,-3.18592187037833,0.150175,0,0,1,0.73,0.73,1,8,0,0.20575,0.0946,1,1
nonuniform_SSSC,SSSC,S,41,-0.699079401546423,1.01516266040741,0.65589199669301,0.338745454545455,1,1,1,1,1,1,11,0.0909090909090909,0.409781818181818,0.267709090909091,1,1
nonuniform_SSSC,SSSC,S,42,-0.479147393205273,0.670782758628402,0.561822550996894,0.318991666666667,1,1,1,1,1,1,12,0.0833333333333333,0.384066666666667,0.253916666666667,1,1
nonuniform_SSSC,SSSC,S,43,-0.614782713031519,0.777576787857474,0.565907732714559,0.278490909090909,1,1,1,1,1,1,11,0.0909090909090909,0.340327272727273,0.216654545454545,1,1
nonuniform_SSSC,SSSC,S,44,0.119403685404967,2.11727147743834,1.27580691728325,0.6375,1,1,1,1,1,1,2,0.5,0.6947,0.5803,1,1
nonuniform_SSSC,SSSC,S,45,-0.158390282733453,0.570685980019354,0.800391439598337,0.21415,1,1,1,1,1,1,10,0.1,0.26278,0.16552,1,1
nonuniform_SSSC,SSSC,S,46,-3.92642193184307,0.952472311305677,0.0703837451669283,0.361881818181818,0,0,1,0.99,0.99,1,11,0,0.430727272727273,0.293036363636364,1,1
nonuniform_SSSC,SSSC,S,47,-0.0827753044332608,1.49149808068611,1.003101739779,0.442416666666667,1,1,1,1,1,1,6,0.166666666666667,0.514433333333333,0.3704,1,1
nonuniform_SSSC,SSSC,S,48,-4.10334556191212,0.877869757659565,0.0295323920372576,0.363146153846154,0,0,1,0.94,0.94,1,13,0,0.440307692307692,0.285984615384615,1,1
nonuniform_SSSC,SSSC,S,49,-3.83883449158052,1.76128265122911,-0.354917255777499,0.45795,0,0,1,0.97,0.97,1,10,0,0.53898,0.37692,1,1
nonuniform_SSSC,SSSC,S,50,-4.16173905950347,0.538716813877571,-1.12173917900744,0.193,0,0,1,0.92,0.92,1,9,0,0.244133333333333,0.141866666666667,1,1
nonuniform_SSSC,SSSC,S,51,-0.693169416639158,0.92334096106304,0.746486860399351,0.339133333333333,1,1,1,1,1,1,9,0.111111111111111,0.407133333333333,0.271133333333333,1,1
nonuniform_SSSC,SSSC,S,52,-4.1405447963567,0.693845371643471,-1.43511901383195,0.246185714285714,0,0,1,0.97,0.97,1,7,0,0.300771428571429,0.1916,1,1
nonuniform_SSSC,SSSC,S,53,-3.96958715582633,0.859782652866481,0.579021003239576,0.382691666666667,0,0,1,0.99,0.99,1,12,0,0.4538,0.311583333333333,1,1
nonuniform_SSSC,SSSC,S,54,-4.50150861548659,0.644619506447631,-3.81638352003976,0.0785,0,0,1,0.59,0.59,1,10,0,0.13046,0.02654,1,1
nonuniform_SSSC,SSSC,S,55,-4.28660999456522,0.487634658212852,-1.68989740211068,0.17396,0,0,1,0.7,0.7,1,5,0,0.2454,0.10252,1,1
nonuniform_SSSC,SSSC,S,56,0.211998439875879,0.770358706982891,1.14106212337057,0.47798,1,1,1,1,1,1,5,0.2,0.53324,0.42272,1,1
nonuniform_SSSC,SSSC,S,57,-0.266681171421155,1.46872757245345,0.935074922027733,0.41291,1,1,1,1,1,1,10,0.1,0.48414,0.34168,1,1
nonuniform_SSSC,SSSC,S,58,-4.04449645467301,0.835220613001709,-1.14688167757378,0.388616666666667,0,0,1,0.83,0.83,1,6,0,0.463366666666667,0.313866666666667,1,1
nonuniform_SSSC,SSSC,S,59,-3.83321684355871,0.91927523171465,-0.638977924953545,0.410272727272727,0,0,1,0.99,0.99,1,11,0,0.473309090909091,0.347236363636364,1,1
nonuniform_SSSC,SSSC,S,60,-3.90645717350409,1.37503963061943,-0.702068495815095,0.39547,0,0,1,0.99,0.99,1,10,0,0.46578,0.32516,1,1
nonuniform_SSSC,SSSC,S,61,-4.28332119586028,0.488309690842036,-1.71781364386736,0.242263636363636,0,0,1,0.93,0.93,1,11,0,0.300745454545455,0.183781818181818,1,1
nonuniform_SSSC,SSSC,S,62,-3.68119662550206,1.29241362964906,-0.152853903519644,0.502244444444444,0,0,1,0.99,0.99,1,9,0,0.568088888888889,0.4364,1,1
nonuniform_SSSC,SSSC,S,63,-4.10603908895565,0.607825016903563,-0.666937225058348,0.232566666666667,0,0,1,0.96,0.96,1,9,0,0.286244444444444,0.178888888888889,1,1
nonuniform_SSSC,SSSC,S,64,-4.0738238541911,0.632275543542232,-0.148839372363131,0.338475,0,0,1,0.96,0.96,1,12,0,0.408416666666667,0.268533333333333,1,1
nonuniform_SSSC,SSSC,S,65,-3.89159194228372,0.953668530888871,-0.0599308570092481,0.363788888888889,0,0,1,0.98,0.98,1,9,0,0.432066666666667,0.295511111111111,1,1
nonuniform_SSSC,SSSC,S,66,-4.03810357048904,1.06622520867142,-0.282491075420341,0.339,0,0,1,0.99,0.99,1,8,0,0.415875,0.262125,1,1
nonuniform_SSSC,SSSC,S,67,-4.21837021661658,0.701935673434094,-1.28590178399958,0.203511111111111,0,0,1,0.89,0.89,1,9,0,0.261355555555556,0.145666666666667,1,1
nonuniform_SSSC,SSSC,S,68,-4.08972411640901,0.775478277324923,-0.111429454560613,0.311683333333333,0,0,1,0.99,0.99,1,12,0,0.372416666666667,0.25095,1,1
nonuniform_SSSC,SSSC,S,69,-4.24796563307375,0.729630323844437,0.241248088294107,0.285790909090909,0,0,1,0.87,0.87,1,11,0,0.349781818181818,0.2218,1,1
nonuniform_SSSC,SSSC,S,70,-4.0725338824722,1.92929081481193,-0.822188347176542,0.4096,0,0,1,0.82,0.82,1,2,0,0.5065,0.3127,1,1
nonuniform_SSSC,SSSC,S,71,-4.20709956852323,0.662070351894528,-2.05440593020996,0.228566666666667,0,0,1,0.81,0.81,1,3,0,0.294666666666667,0.162466666666667,1,1
nonuniform_SSSC,SSSC,S,72,-4.04696330144814,1.08083741263536,-0.87231942899471,0.307928571428571,0,0,1,0.88,0.88,1,7,0,0.378342857142857,0.237514285714286,1,1
nonuniform_SSSC,SSSC,S,73,-0.51270284160177,0.850095606096154,0.636270088451887,0.351588888888889,1,1,1,1,1,1,9,0.111111111111111,0.418866666666667,0.284311111111111,1,1
nonuniform_SSSC,SSSC,S,74,-4.14728549824461,0.761847013552696,-0.111804132118437,0.269166666666667,0,0,1,0.94,0.94,1,12,0,0.343316666666667,0.195016666666667,1,1
nonuniform_SSSC,SSSC,S,75,-4.33183372980757,0.826815008369914,-1.6642262721244,0.276957142857143,0,0,1,0.85,0.85,1,7,0,0.347,0.206914285714286,1,1
nonuniform_SSSC,SSSC,S,76,-4.12667917738322,0.783344197391437,-0.816627584890653,0.242766666666667,0,0,1,0.85,0.85,1,6,0,0.3169,0.168633333333333,1,1
nonuniform_SSSC,SSSC,S,77,-0.569818547936799,1.23626681073709,0.624387253318536,0.446381818181818,1,1,1,1,1,1,11,0.0909090909090909,0.520381818181818,0.372381818181818,1,1
nonuniform_SSSC,SSSC,S,78,-4.18419790282043,1.00050269770021,-1.4104609582212,0.365125,0,0,1,0.87,0.87,1,8,0,0.43985,0.2904,1,1
nonuniform_SSSC,SSSC,S,79,-4.67639324555202,0.651322480444877,-2.51679305058147,0.130285714285714,0,0,1,0.73,0.73,1,7,0,0.187285714285714,0.0732857142857143,1,1
nonuniform_SSSC,SSSC,S,80,-0.146745867262992,0.950900893649051,1.10930695051027,0.43951,1,1,1,1,1,1,10,0.2,0.51366,0.36536,1,1
