Window,Nsim,Metric,Component,MedianScore,P10Score,P90Score,FloorMedian,FloorMin,FloorMax
famp1,20,MAE,kxx,0.0194916666666667,0.0130895833333333,0.0261145833333333,0.000916666666666666,0.000554166666666668,0.00118333333333333
famp1,20,MAE,kyy,0.01258125,0.00843333333333333,0.02260625,0.000583333333333336,0.000258333333333335,0.000620833333333334
famp1,20,MAE,kzz,0.0159125,0.0091875,0.02610625,0.000679166666666667,0.000558333333333333,0.000891666666666667
famp1,20,Hellinger,kxx,0.301278442591676,0.229876407000592,0.365003566364033,0.0112045139838555,0.00830165839071879,0.0127399250688381
famp1,20,Hellinger,kyy,0.24721063072472,0.202537489882589,0.293065621541705,0.0146334873295402,0.0126537722887836,0.0189532368363361
famp1,20,Hellinger,kzz,0.249346783178048,0.199543844789667,0.328176434292272,0.014194691004289,0.01085584593857,0.0163230971438853
famp1,20,Wasserstein,kxx,0.204796862042466,0.150094632539252,0.302699922605229,0.00826502711789353,0.00673157433502678,0.0104200505718237
famp1,20,Wasserstein,kyy,0.142727763813038,0.0942298471008473,0.199142935977154,0.0119596141431105,0.00382765389158502,0.0123240954584999
famp1,20,Wasserstein,kzz,0.217516878589601,0.093724358826843,0.271591243282213,0.0189811328235022,0.00774858257396832,0.0244228473054547
famp1,50,MAE,kxx,0.0118979166666667,0.00919166666666667,0.0159229166666667,0.000916666666666666,0.000554166666666668,0.00118333333333333
famp1,50,MAE,kyy,0.00885416666666667,0.00480625,0.01415625,0.000583333333333336,0.000258333333333335,0.000620833333333334
famp1,50,MAE,kzz,0.00893541666666667,0.00476666666666666,0.0138666666666667,0.000679166666666667,0.000558333333333333,0.000891666666666667
famp1,50,Hellinger,kxx,0.202955004093537,0.13817522004191,0.248554975177688,0.0112045139838555,0.00830165839071879,0.0127399250688381
famp1,50,Hellinger,kyy,0.156650043965862,0.125796363762589,0.206402985643248,0.0146334873295402,0.0126537722887836,0.0189532368363361
famp1,50,Hellinger,kzz,0.150614921435478,0.0947535539124229,0.219407329435959,0.014194691004289,0.01085584593857,0.0163230971438853
famp1,50,Wasserstein,kxx,0.137222446071105,0.0900040346275342,0.258524030768865,0.00826502711789353,0.00673157433502678,0.0104200505718237
famp1,50,Wasserstein,kyy,0.0839067990349575,0.059913735505829,0.109005821452707,0.0119596141431105,0.00382765389158502,0.0123240954584999
famp1,50,Wasserstein,kzz,0.138325631915218,0.0716923575146903,0.214005400588267,0.0189811328235022,0.00774858257396832,0.0244228473054547
famp1,100,MAE,kxx,0.00942083333333333,0.00622083333333333,0.0132520833333333,0.000916666666666666,0.000554166666666668,0.00118333333333333
famp1,100,MAE,kyy,0.00615625,0.00412083333333333,0.00990625,0.000583333333333336,0.000258333333333335,0.000620833333333334
famp1,100,MAE,kzz,0.00663541666666667,0.00425833333333333,0.00997708333333333,0.000679166666666667,0.000558333333333333,0.000891666666666667
famp1,100,Hellinger,kxx,0.130851199802321,0.0811037259357162,0.190197664692676,0.0112045139838555,0.00830165839071879,0.0127399250688381
famp1,100,Hellinger,kyy,0.125939674046777,0.0931931297530791,0.160833998714567,0.0146334873295402,0.0126537722887836,0.0189532368363361
famp1,100,Hellinger,kzz,0.110631138457991,0.0827424825124585,0.151939481322248,0.014194691004289,0.01085584593857,0.0163230971438853
famp1,100,Wasserstein,kxx,0.118417447755711,0.0594239828994906,0.181082604071273,0.00826502711789353,0.00673157433502678,0.0104200505718237
famp1,100,Wasserstein,kyy,0.0569138818543314,0.04027847515134,0.084008873702117,0.0119596141431105,0.00382765389158502,0.0123240954584999
famp1,100,Wasserstein,kzz,0.103438631889235,0.0542594234968075,0.20134915813372,0.0189811328235022,0.00774858257396832,0.0244228473054547
famp1,200,MAE,kxx,0.0069,0.0041,0.00898541666666667,0.000916666666666666,0.000554166666666668,0.00118333333333333
famp1,200,MAE,kyy,0.00444583333333333,0.00276666666666667,0.00745,0.000583333333333336,0.000258333333333335,0.000620833333333334
famp1,200,MAE,kzz,0.00457708333333333,0.00294791666666667,0.00605208333333333,0.000679166666666667,0.000558333333333333,0.000891666666666667
famp1,200,Hellinger,kxx,0.0921974307016997,0.0650897855729415,0.128027906426417,0.0112045139838555,0.00830165839071879,0.0127399250688381
famp1,200,Hellinger,kyy,0.108199066089834,0.0866985564030941,0.125526563890287,0.0146334873295402,0.0126537722887836,0.0189532368363361
famp1,200,Hellinger,kzz,0.0736947677926633,0.0593939238273498,0.100465549942778,0.014194691004289,0.01085584593857,0.0163230971438853
famp1,200,Wasserstein,kxx,0.0797451539619516,0.0436560811455805,0.145484562365933,0.00826502711789353,0.00673157433502678,0.0104200505718237
famp1,200,Wasserstein,kyy,0.0424575682172354,0.0315708573744656,0.0666938243517433,0.0119596141431105,0.00382765389158502,0.0123240954584999
famp1,200,Wasserstein,kzz,0.0569875749789746,0.0327814954653476,0.101573000139369,0.0189811328235022,0.00774858257396832,0.0244228473054547
famp1,300,MAE,kxx,0.00502361111111111,0.00376180555555555,0.00693263888888889,0.000916666666666666,0.000554166666666668,0.00118333333333333
famp1,300,MAE,kyy,0.00357708333333333,0.00197291666666667,0.0061375,0.000583333333333336,0.000258333333333335,0.000620833333333334
famp1,300,MAE,kzz,0.00425416666666667,0.00297152777777778,0.00642083333333333,0.000679166666666667,0.000558333333333333,0.000891666666666667
famp1,300,Hellinger,kxx,0.06319301904629,0.0504888976262592,0.0926348656352756,0.0112045139838555,0.00830165839071879,0.0127399250688381
famp1,300,Hellinger,kyy,0.0878726816945321,0.0647784485174249,0.102401357570458,0.0146334873295402,0.0126537722887836,0.0189532368363361
famp1,300,Hellinger,kzz,0.0719817102573498,0.0546654317395053,0.0886416295812914,0.014194691004289,0.01085584593857,0.0163230971438853
famp1,300,Wasserstein,kxx,0.0550155314247945,0.0373183972906813,0.0996410512632651,0.00826502711789353,0.00673157433502678,0.0104200505718237
famp1,300,Wasserstein,kyy,0.037156994083498,0.0207118708216139,0.0533932891057082,0.0119596141431105,0.00382765389158502,0.0123240954584999
famp1,300,Wasserstein,kzz,0.0495016366637568,0.0314799294878702,0.0892950074898287,0.0189811328235022,0.00774858257396832,0.0244228473054547
famp1,400,MAE,kxx,0.00469583333333333,0.00331041666666667,0.00621666666666667,0.000916666666666666,0.000554166666666668,0.00118333333333333
famp1,400,MAE,kyy,0.00327291666666667,0.00219791666666667,0.00393333333333333,0.000583333333333336,0.000258333333333335,0.000620833333333334
famp1,400,MAE,kzz,0.00369166666666667,0.0023375,0.00503958333333333,0.000679166666666667,0.000558333333333333,0.000891666666666667
famp1,400,Hellinger,kxx,0.0607518841231395,0.0503132108773432,0.0739349324006887,0.0112045139838555,0.00830165839071879,0.0127399250688381
famp1,400,Hellinger,kyy,0.070440026886197,0.0588466702672505,0.0873767085535026,0.0146334873295402,0.0126537722887836,0.0189532368363361
famp1,400,Hellinger,kzz,0.0602349138746359,0.054173755761116,0.0775027419823384,0.014194691004289,0.01085584593857,0.0163230971438853
famp1,400,Wasserstein,kxx,0.052810909858085,0.0325247193081497,0.0801114276553168,0.00826502711789353,0.00673157433502678,0.0104200505718237
famp1,400,Wasserstein,kyy,0.0327294708628967,0.0217908023233204,0.0459457415655045,0.0119596141431105,0.00382765389158502,0.0123240954584999
famp1,400,Wasserstein,kzz,0.0436539384183704,0.024962118887249,0.0715015395617773,0.0189811328235022,0.00774858257396832,0.0244228473054547
famp1,500,MAE,kxx,0.00373958333333333,0.00236875,0.0056875,0.000916666666666666,0.000554166666666668,0.00118333333333333
famp1,500,MAE,kyy,0.00229583333333333,0.00167083333333333,0.00378125,0.000583333333333336,0.000258333333333335,0.000620833333333334
famp1,500,MAE,kzz,0.00331666666666667,0.00244583333333333,0.00473541666666667,0.000679166666666667,0.000558333333333333,0.000891666666666667
famp1,500,Hellinger,kxx,0.0507038445679121,0.0394557026152704,0.0732969418268218,0.0112045139838555,0.00830165839071879,0.0127399250688381
famp1,500,Hellinger,kyy,0.062035113773381,0.0509932879671278,0.0789155007380066,0.0146334873295402,0.0126537722887836,0.0189532368363361
famp1,500,Hellinger,kzz,0.0578259779022091,0.0443948082040658,0.0689451523037842,0.014194691004289,0.01085584593857,0.0163230971438853
famp1,500,Wasserstein,kxx,0.04137254734341,0.0276743640169414,0.0729002659018296,0.00826502711789353,0.00673157433502678,0.0104200505718237
famp1,500,Wasserstein,kyy,0.025557894065854,0.0174949092469316,0.0424551345301833,0.0119596141431105,0.00382765389158502,0.0123240954584999
famp1,500,Wasserstein,kzz,0.0500139884771442,0.0227202812222563,0.0836447313855711,0.0189811328235022,0.00774858257396832,0.0244228473054547
famp1,750,MAE,kxx,0.00317569444444445,0.00224652777777778,0.00425208333333333,0.000916666666666666,0.000554166666666668,0.00118333333333333
famp1,750,MAE,kyy,0.00245763888888889,0.00141319444444445,0.00391597222222222,0.000583333333333336,0.000258333333333335,0.000620833333333334
famp1,750,MAE,kzz,0.00265694444444444,0.001925,0.00412916666666667,0.000679166666666667,0.000558333333333333,0.000891666666666667
famp1,750,Hellinger,kxx,0.0463562474778971,0.0356707049064424,0.055613328744385,0.0112045139838555,0.00830165839071879,0.0127399250688381
famp1,750,Hellinger,kyy,0.056185001478018,0.0456816492965116,0.067442620037668,0.0146334873295402,0.0126537722887836,0.0189532368363361
famp1,750,Hellinger,kzz,0.0461563898228606,0.0372438781462296,0.0571179252436203,0.014194691004289,0.01085584593857,0.0163230971438853
famp1,750,Wasserstein,kxx,0.0336630476776728,0.0252003160096218,0.0714008972803645,0.00826502711789353,0.00673157433502678,0.0104200505718237
famp1,750,Wasserstein,kyy,0.02327503001557,0.0160987947418352,0.0408578811863193,0.0119596141431105,0.00382765389158502,0.0123240954584999
famp1,750,Wasserstein,kzz,0.0327762371730464,0.0180410517869905,0.0689751059076854,0.0189811328235022,0.00774858257396832,0.0244228473054547
famp1,1000,MAE,kxx,0.00275625,0.00182916666666667,0.00398125,0.000916666666666666,0.000554166666666668,0.00118333333333333
famp1,1000,MAE,kyy,0.00215,0.00138541666666667,0.00316666666666667,0.000583333333333336,0.000258333333333335,0.000620833333333334
famp1,1000,MAE,kzz,0.00199583333333333,0.00136875,0.00352708333333333,0.000679166666666667,0.000558333333333333,0.000891666666666667
famp1,1000,Hellinger,kxx,0.0412572071242944,0.0316256863429434,0.0509671666263138,0.0112045139838555,0.00830165839071879,0.0127399250688381
famp1,1000,Hellinger,kyy,0.0462947057711125,0.0344870659515468,0.0557277446327291,0.0146334873295402,0.0126537722887836,0.0189532368363361
famp1,1000,Hellinger,kzz,0.0394854291133764,0.0331311841257412,0.0510050785341629,0.014194691004289,0.01085584593857,0.0163230971438853
famp1,1000,Wasserstein,kxx,0.0275819745357942,0.0189829333160794,0.0736597750927432,0.00826502711789353,0.00673157433502678,0.0104200505718237
famp1,1000,Wasserstein,kyy,0.0216948664405543,0.0127613389890512,0.0328906850864409,0.0119596141431105,0.00382765389158502,0.0123240954584999
famp1,1000,Wasserstein,kzz,0.0244178879898053,0.0168110307476426,0.0477764906692897,0.0189811328235022,0.00774858257396832,0.0244228473054547
famp1,1500,MAE,kxx,0.00230763888888889,0.00141319444444444,0.00310277777777778,0.000916666666666666,0.000554166666666668,0.00118333333333333
famp1,1500,MAE,kyy,0.00168958333333333,0.000981944444444444,0.00230902777777778,0.000583333333333336,0.000258333333333335,0.000620833333333334
famp1,1500,MAE,kzz,0.00175347222222222,0.00113194444444445,0.00300694444444445,0.000679166666666667,0.000558333333333333,0.000891666666666667
famp1,1500,Hellinger,kxx,0.0319749247199082,0.024575324928429,0.042901848924704,0.0112045139838555,0.00830165839071879,0.0127399250688381
famp1,1500,Hellinger,kyy,0.03540009358968,0.0278325906438847,0.0438911852337295,0.0146334873295402,0.0126537722887836,0.0189532368363361
famp1,1500,Hellinger,kzz,0.0365828765267102,0.0279792581468163,0.0426324860877012,0.014194691004289,0.01085584593857,0.0163230971438853
famp1,1500,Wasserstein,kxx,0.0276769122485084,0.0143873442552582,0.056347326634525,0.00826502711789353,0.00673157433502678,0.0104200505718237
famp1,1500,Wasserstein,kyy,0.0154788094793149,0.0118061503902278,0.0329453574181639,0.0119596141431105,0.00382765389158502,0.0123240954584999
famp1,1500,Wasserstein,kzz,0.0262191170268716,0.0149680711094071,0.038273796722435,0.0189811328235022,0.00774858257396832,0.0244228473054547
famp1,2000,MAE,kxx,0.00225416666666667,0.001625,0.00333125,0.000916666666666666,0.000554166666666668,0.00118333333333333
famp1,2000,MAE,kyy,0.00140625,0.000785416666666667,0.00234375,0.000583333333333336,0.000258333333333335,0.000620833333333334
famp1,2000,MAE,kzz,0.00171458333333333,0.00106458333333333,0.0027,0.000679166666666667,0.000558333333333333,0.000891666666666667
famp1,2000,Hellinger,kxx,0.0280943043107403,0.0214227579254099,0.0385318528993613,0.0112045139838555,0.00830165839071879,0.0127399250688381
famp1,2000,Hellinger,kyy,0.030787424319546,0.0244114581731526,0.0417956564736216,0.0146334873295402,0.0126537722887836,0.0189532368363361
famp1,2000,Hellinger,kzz,0.0342950133236548,0.0225862852436703,0.0429563224977075,0.014194691004289,0.01085584593857,0.0163230971438853
famp1,2000,Wasserstein,kxx,0.0249757958092275,0.0152864148821479,0.0534797254848388,0.00826502711789353,0.00673157433502678,0.0104200505718237
famp1,2000,Wasserstein,kyy,0.014640532490966,0.0104252614611876,0.0228842125543589,0.0119596141431105,0.00382765389158502,0.0123240954584999
famp1,2000,Wasserstein,kzz,0.0213535952628089,0.0166678820403437,0.0424980129641861,0.0189811328235022,0.00774858257396832,0.0244228473054547
famp2,20,MAE,kxx,0.0196729166666667,0.0153291666666667,0.0245166666666667,0.000658333333333332,0.0005125,0.000799999999999999
famp2,20,MAE,kyy,0.02238125,0.0149958333333333,0.0268666666666667,0.000775000000000001,0.000745833333333334,0.000791666666666667
famp2,20,MAE,kzz,0.0170041666666667,0.0109604166666667,0.0284833333333333,0.000554166666666665,0.000374999999999999,0.000691666666666665
famp2,20,Hellinger,kxx,0.26720254383917,0.230348590584664,0.334741114633541,0.00985128219056745,0.00983774257600999,0.0136373198668696
famp2,20,Hellinger,kyy,0.280545937034337,0.236912687694334,0.365487360101768,0.0124975778178118,0.0110652970778127,0.0125886842151268
famp2,20,Hellinger,kzz,0.271703929250335,0.19805965767818,0.358508065915333,0.00990762826155744,0.00659577978191159,0.0109247214560423
famp2,20,Wasserstein,kxx,0.211414129500168,0.154026261147839,0.340247935685309,0.0152508763459331,0.0058621475617744,0.0161359420008793
famp2,20,Wasserstein,kyy,0.263048453305951,0.179010374911926,0.585530316473747,0.00689758398327369,0.00614337756340022,0.0103766362251088
famp2,20,Wasserstein,kzz,0.207192121541356,0.159876134813078,0.455401959172527,0.012321947124637,0.0113459434008368,0.0229465399310474
famp2,50,MAE,kxx,0.0135020833333333,0.00821458333333333,0.0185520833333333,0.000658333333333332,0.0005125,0.000799999999999999
famp2,50,MAE,kyy,0.0151770833333333,0.0120458333333333,0.0189625,0.000775000000000001,0.000745833333333334,0.000791666666666667
famp2,50,MAE,kzz,0.01085625,0.00742916666666667,0.01403125,0.000554166666666665,0.000374999999999999,0.000691666666666665
famp2,50,Hellinger,kxx,0.189579133987097,0.153029019130418,0.242545033320424,0.00985128219056745,0.00983774257600999,0.0136373198668696
famp2,50,Hellinger,kyy,0.214544415525867,0.153694800114847,0.264265453738431,0.0124975778178118,0.0110652970778127,0.0125886842151268
famp2,50,Hellinger,kzz,0.177137300459625,0.138192228671029,0.21328503444253,0.00990762826155744,0.00659577978191159,0.0109247214560423
famp2,50,Wasserstein,kxx,0.143083863856254,0.0814028753659738,0.244410201556102,0.0152508763459331,0.0058621475617744,0.0161359420008793
famp2,50,Wasserstein,kyy,0.193280828925272,0.108070380871667,0.387604403244242,0.00689758398327369,0.00614337756340022,0.0103766362251088
famp2,50,Wasserstein,kzz,0.139274590700207,0.0910248943125342,0.235386434677235,0.012321947124637,0.0113459434008368,0.0229465399310474
famp2,100,MAE,kxx,0.00813541666666667,0.0058125,0.0115020833333333,0.000658333333333332,0.0005125,0.000799999999999999
famp2,100,MAE,kyy,0.0106375,0.00797083333333333,0.0136958333333333,0.000775000000000001,0.000745833333333334,0.000791666666666667
famp2,100,MAE,kzz,0.00859166666666667,0.00596458333333333,0.0112333333333333,0.000554166666666665,0.000374999999999999,0.000691666666666665
famp2,100,Hellinger,kxx,0.138982883080963,0.105379303303887,0.169030892147378,0.00985128219056745,0.00983774257600999,0.0136373198668696
famp2,100,Hellinger,kyy,0.13720845290307,0.113399749562574,0.178068844293054,0.0124975778178118,0.0110652970778127,0.0125886842151268
famp2,100,Hellinger,kzz,0.135736995462892,0.100473647301266,0.162249082930978,0.00990762826155744,0.00659577978191159,0.0109247214560423
famp2,100,Wasserstein,kxx,0.0833586452434274,0.053396079842653,0.171829639464682,0.0152508763459331,0.0058621475617744,0.0161359420008793
famp2,100,Wasserstein,kyy,0.147843481772558,0.0786530431341822,0.260027012718725,0.00689758398327369,0.00614337756340022,0.0103766362251088
famp2,100,Wasserstein,kzz,0.0978855132502368,0.0547943939978915,0.163391197331451,0.012321947124637,0.0113459434008368,0.0229465399310474
famp2,200,MAE,kxx,0.00617708333333333,0.00454791666666667,0.00855833333333333,0.000658333333333332,0.0005125,0.000799999999999999
famp2,200,MAE,kyy,0.00693541666666667,0.00534791666666667,0.0106270833333333,0.000775000000000001,0.000745833333333334,0.000791666666666667
famp2,200,MAE,kzz,0.0056375,0.00360625,0.00748333333333333,0.000554166666666665,0.000374999999999999,0.000691666666666665
famp2,200,Hellinger,kxx,0.0985943075430506,0.0650725355075869,0.119445787103555,0.00985128219056745,0.00983774257600999,0.0136373198668696
famp2,200,Hellinger,kyy,0.0989926435287912,0.0737222342679448,0.131660995994049,0.0124975778178118,0.0110652970778127,0.0125886842151268
famp2,200,Hellinger,kzz,0.090725093575471,0.0727033118813624,0.120004523010382,0.00990762826155744,0.00659577978191159,0.0109247214560423
famp2,200,Wasserstein,kxx,0.0697048514897741,0.042973718225837,0.113977973491726,0.0152508763459331,0.0058621475617744,0.0161359420008793
famp2,200,Wasserstein,kyy,0.092903696701101,0.0579725147568892,0.173551334368098,0.00689758398327369,0.00614337756340022,0.0103766362251088
famp2,200,Wasserstein,kzz,0.0700434727581557,0.0433705766422937,0.132290389558368,0.012321947124637,0.0113459434008368,0.0229465399310474
famp2,300,MAE,kxx,0.00482777777777778,0.00333958333333333,0.00669583333333334,0.000658333333333332,0.0005125,0.000799999999999999
famp2,300,MAE,kyy,0.00577083333333333,0.00363194444444444,0.00759861111111111,0.000775000000000001,0.000745833333333334,0.000791666666666667
famp2,300,MAE,kzz,0.00500763888888889,0.00387013888888889,0.00736666666666667,0.000554166666666665,0.000374999999999999,0.000691666666666665
famp2,300,Hellinger,kxx,0.0690070282933767,0.0457077586728491,0.10420527977824,0.00985128219056745,0.00983774257600999,0.0136373198668696
famp2,300,Hellinger,kyy,0.0795521400630045,0.0582177753628883,0.0969902958906924,0.0124975778178118,0.0110652970778127,0.0125886842151268
famp2,300,Hellinger,kzz,0.0823433039039088,0.0585103249666504,0.0934764203767608,0.00990762826155744,0.00659577978191159,0.0109247214560423
famp2,300,Wasserstein,kxx,0.0600063914968376,0.0332280779453803,0.102402769444171,0.0152508763459331,0.0058621475617744,0.0161359420008793
famp2,300,Wasserstein,kyy,0.0698032612902234,0.037199064749078,0.146185302011023,0.00689758398327369,0.00614337756340022,0.0103766362251088
famp2,300,Wasserstein,kzz,0.0654367316283939,0.0396182168527394,0.092480205520326,0.012321947124637,0.0113459434008368,0.0229465399310474
famp2,400,MAE,kxx,0.00416458333333333,0.0028875,0.0062,0.000658333333333332,0.0005125,0.000799999999999999
famp2,400,MAE,kyy,0.00515416666666667,0.00345625,0.00670208333333334,0.000775000000000001,0.000745833333333334,0.000791666666666667
famp2,400,MAE,kzz,0.00395416666666667,0.00276041666666667,0.00538541666666667,0.000554166666666665,0.000374999999999999,0.000691666666666665
famp2,400,Hellinger,kxx,0.0608197242224408,0.0430832430420691,0.0748564865947528,0.00985128219056745,0.00983774257600999,0.0136373198668696
famp2,400,Hellinger,kyy,0.069747377555394,0.0531996755010543,0.0876579020044382,0.0124975778178118,0.0110652970778127,0.0125886842151268
famp2,400,Hellinger,kzz,0.0705148618485935,0.0535990228080395,0.0859684483433446,0.00990762826155744,0.00659577978191159,0.0109247214560423
famp2,400,Wasserstein,kxx,0.0440393508069935,0.0306059288927466,0.0849960849350537,0.0152508763459331,0.0058621475617744,0.0161359420008793
famp2,400,Wasserstein,kyy,0.0597502643390139,0.0349520583016424,0.118943633579302,0.00689758398327369,0.00614337756340022,0.0103766362251088
famp2,400,Wasserstein,kzz,0.0475996901036698,0.0289586857278432,0.0939750147046806,0.012321947124637,0.0113459434008368,0.0229465399310474
famp2,500,MAE,kxx,0.0041875,0.00243125,0.00548125,0.000658333333333332,0.0005125,0.000799999999999999
famp2,500,MAE,kyy,0.00409166666666666,0.00329375,0.00635208333333333,0.000775000000000001,0.000745833333333334,0.000791666666666667
famp2,500,MAE,kzz,0.00373333333333333,0.00215625,0.00468541666666667,0.000554166666666665,0.000374999999999999,0.000691666666666665
famp2,500,Hellinger,kxx,0.0571228095640024,0.0407073552975408,0.07490145521899,0.00985128219056745,0.00983774257600999,0.0136373198668696
famp2,500,Hellinger,kyy,0.0587145361456532,0.0486199894214281,0.0755362452331248,0.0124975778178118,0.0110652970778127,0.0125886842151268
famp2,500,Hellinger,kzz,0.0595366079401593,0.0487873520245652,0.0722521772312359,0.00990762826155744,0.00659577978191159,0.0109247214560423
famp2,500,Wasserstein,kxx,0.0413389412929289,0.0283299184505861,0.0840784113113872,0.0152508763459331,0.0058621475617744,0.0161359420008793
famp2,500,Wasserstein,kyy,0.0641038437315259,0.0323938862753904,0.100979537169434,0.00689758398327369,0.00614337756340022,0.0103766362251088
famp2,500,Wasserstein,kzz,0.043199100779879,0.0268926106353788,0.0883845940513027,0.012321947124637,0.0113459434008368,0.0229465399310474
famp2,750,MAE,kxx,0.00322152777777778,0.00227777777777778,0.00449791666666667,0.000658333333333332,0.0005125,0.000799999999999999
famp2,750,MAE,kyy,0.00370833333333333,0.00251736111111111,0.00472986111111111,0.000775000000000001,0.000745833333333334,0.000791666666666667
famp2,750,MAE,kzz,0.00273194444444444,0.00175833333333333,0.00418194444444444,0.000554166666666665,0.000374999999999999,0.000691666666666665
famp2,750,Hellinger,kxx,0.0426088063181291,0.033747536378461,0.0576605433308815,0.00985128219056745,0.00983774257600999,0.0136373198668696
famp2,750,Hellinger,kyy,0.0473020546137225,0.03433147042403,0.0614610029595951,0.0124975778178118,0.0110652970778127,0.0125886842151268
famp2,750,Hellinger,kzz,0.0525175987048996,0.0392826525842087,0.0653316111510641,0.00990762826155744,0.00659577978191159,0.0109247214560423
famp2,750,Wasserstein,kxx,0.03407675940926,0.0216602834472497,0.0576280222598445,0.0152508763459331,0.0058621475617744,0.0161359420008793
famp2,750,Wasserstein,kyy,0.047264333836411,0.0291777017824032,0.0762151195057533,0.00689758398327369,0.00614337756340022,0.0103766362251088
famp2,750,Wasserstein,kzz,0.0381850823792054,0.0228542779376622,0.0787898985377021,0.012321947124637,0.0113459434008368,0.0229465399310474
famp2,1000,MAE,kxx,0.00310416666666667,0.00203958333333333,0.00386875,0.000658333333333332,0.0005125,0.000799999999999999
famp2,1000,MAE,kyy,0.00343125,0.00260208333333333,0.0046125,0.000775000000000001,0.000745833333333334,0.000791666666666667
famp2,1000,MAE,kzz,0.00255,0.00191041666666667,0.00385,0.000554166666666665,0.000374999999999999,0.000691666666666665
famp2,1000,Hellinger,kxx,0.0398312777961151,0.0293742196695894,0.0494023044656383,0.00985128219056745,0.00983774257600999,0.0136373198668696
famp2,1000,Hellinger,kyy,0.0446004022130877,0.0313051457860119,0.0576345390496933,0.0124975778178118,0.0110652970778127,0.0125886842151268
famp2,1000,Hellinger,kzz,0.0450917253516462,0.0374236286749638,0.0520672796907292,0.00990762826155744,0.00659577978191159,0.0109247214560423
famp2,1000,Wasserstein,kxx,0.0339184025238354,0.0198561167250047,0.0531133121430767,0.0152508763459331,0.0058621475617744,0.0161359420008793
famp2,1000,Wasserstein,kyy,0.045047343334021,0.0282450167594757,0.0830393794473387,0.00689758398327369,0.00614337756340022,0.0103766362251088
famp2,1000,Wasserstein,kzz,0.0332283395368927,0.023643878709016,0.067853789366321,0.012321947124637,0.0113459434008368,0.0229465399310474
famp2,1500,MAE,kxx,0.0023,0.00171736111111111,0.00290972222222222,0.000658333333333332,0.0005125,0.000799999999999999
famp2,1500,MAE,kyy,0.00294236111111111,0.00168611111111111,0.00410208333333333,0.000775000000000001,0.000745833333333334,0.000791666666666667
famp2,1500,MAE,kzz,0.00212222222222222,0.00144722222222222,0.00293055555555556,0.000554166666666665,0.000374999999999999,0.000691666666666665
famp2,1500,Hellinger,kxx,0.0312994377096721,0.0246440709453463,0.0377221083445141,0.00985128219056745,0.00983774257600999,0.0136373198668696
famp2,1500,Hellinger,kyy,0.0354163866941461,0.0262927656238251,0.0492194421344128,0.0124975778178118,0.0110652970778127,0.0125886842151268
famp2,1500,Hellinger,kzz,0.0334542466989226,0.0275834364275038,0.0428857172819928,0.00990762826155744,0.00659577978191159,0.0109247214560423
famp2,1500,Wasserstein,kxx,0.0236216547529819,0.016244471461039,0.0398076183344356,0.0152508763459331,0.0058621475617744,0.0161359420008793
famp2,1500,Wasserstein,kyy,0.0406365807569291,0.0213674924586346,0.071816808109956,0.00689758398327369,0.00614337756340022,0.0103766362251088
famp2,1500,Wasserstein,kzz,0.0297106414424821,0.018311931089235,0.0405027953664032,0.012321947124637,0.0113459434008368,0.0229465399310474
famp2,2000,MAE,kxx,0.00202916666666667,0.00166875,0.00305416666666667,0.000658333333333332,0.0005125,0.000799999999999999
famp2,2000,MAE,kyy,0.00239166666666667,0.00163125,0.00307291666666667,0.000775000000000001,0.000745833333333334,0.000791666666666667
famp2,2000,MAE,kzz,0.00182708333333333,0.0012375,0.00267291666666667,0.000554166666666665,0.000374999999999999,0.000691666666666665
famp2,2000,Hellinger,kxx,0.0283775154915564,0.0226399107258875,0.0357456733676557,0.00985128219056745,0.00983774257600999,0.0136373198668696
famp2,2000,Hellinger,kyy,0.0317093497160108,0.0218064049579346,0.0415690509267678,0.0124975778178118,0.0110652970778127,0.0125886842151268
famp2,2000,Hellinger,kzz,0.0282449492409714,0.0240974242138835,0.0356817359629972,0.00990762826155744,0.00659577978191159,0.0109247214560423
famp2,2000,Wasserstein,kxx,0.0270093300449956,0.0151519985176658,0.0355860439187459,0.0152508763459331,0.0058621475617744,0.0161359420008793
famp2,2000,Wasserstein,kyy,0.02688959233336,0.0177589487940845,0.0558079041085596,0.00689758398327369,0.00614337756340022,0.0103766362251088
famp2,2000,Wasserstein,kzz,0.0251815200201434,0.0149157567175197,0.0443266459476468,0.012321947124637,0.0113459434008368,0.0229465399310474
famp3,20,MAE,kxx,0.0195979166666667,0.0142,0.0284083333333333,0.00139166666666667,0.000983333333333333,0.00145416666666667
famp3,20,MAE,kyy,0.0229958333333333,0.0170916666666667,0.0322604166666667,0.00114583333333333,0.000645833333333333,0.00122916666666667
famp3,20,MAE,kzz,0.0199583333333333,0.01141875,0.02494375,0.00113333333333333,0.000979166666666667,0.00140416666666666
famp3,20,Hellinger,kxx,0.272119246133181,0.214259035369584,0.384091539488739,0.0169451693610754,0.014669696211995,0.0188431671409542
famp3,20,Hellinger,kyy,0.311404930448474,0.225060577579243,0.413596489181231,0.0132128063315879,0.00828016032333249,0.0139362954049294
famp3,20,Hellinger,kzz,0.266926007917179,0.208331225075499,0.337815166428376,0.0163423390760601,0.0139026145344971,0.0163504870669094
famp3,20,Wasserstein,kxx,0.247855177635474,0.145105834750211,0.342073626056517,0.0113653475773725,0.0108938315825049,0.0199056819501807
famp3,20,Wasserstein,kyy,0.316574807656794,0.168643982714471,0.739577700021569,0.0155091125430321,0.0100452423249722,0.0169895492938861
famp3,20,Wasserstein,kzz,0.263071012611859,0.163608420441771,0.533465102907059,0.0157270403376546,0.010140357643638,0.0163612390825069
famp3,50,MAE,kxx,0.0123666666666667,0.0086,0.01619375,0.00139166666666667,0.000983333333333333,0.00145416666666667
famp3,50,MAE,kyy,0.014575,0.00965833333333333,0.0171333333333333,0.00114583333333333,0.000645833333333333,0.00122916666666667
famp3,50,MAE,kzz,0.0106041666666667,0.00751458333333333,0.0185145833333333,0.00113333333333333,0.000979166666666667,0.00140416666666666
famp3,50,Hellinger,kxx,0.174315986297891,0.138519053856473,0.221404514109366,0.0169451693610754,0.014669696211995,0.0188431671409542
famp3,50,Hellinger,kyy,0.198638915658172,0.145129817481713,0.235629625635232,0.0132128063315879,0.00828016032333249,0.0139362954049294
famp3,50,Hellinger,kzz,0.182399071054315,0.135023555165438,0.236840771047602,0.0163423390760601,0.0139026145344971,0.0163504870669094
famp3,50,Wasserstein,kxx,0.14639807241397,0.0976209749128526,0.26877353317966,0.0113653475773725,0.0108938315825049,0.0199056819501807
famp3,50,Wasserstein,kyy,0.189110002611207,0.0972170897437865,0.325603649270068,0.0155091125430321,0.0100452423249722,0.0169895492938861
famp3,50,Wasserstein,kzz,0.142942416789124,0.0896959617544061,0.256244943533311,0.0157270403376546,0.010140357643638,0.0163612390825069
famp3,100,MAE,kxx,0.00847083333333333,0.00595,0.013625,0.00139166666666667,0.000983333333333333,0.00145416666666667
famp3,100,MAE,kyy,0.00939375,0.0070875,0.0127229166666667,0.00114583333333333,0.000645833333333333,0.00122916666666667
famp3,100,MAE,kzz,0.00819375,0.00440625,0.01080625,0.00113333333333333,0.000979166666666667,0.00140416666666666
famp3,100,Hellinger,kxx,0.12706750613066,0.0965746580068876,0.178672360317454,0.0169451693610754,0.014669696211995,0.0188431671409542
famp3,100,Hellinger,kyy,0.133290110181919,0.108857349816921,0.168571265028518,0.0132128063315879,0.00828016032333249,0.0139362954049294
famp3,100,Hellinger,kzz,0.126042334447425,0.105962696516658,0.167478001623229,0.0163423390760601,0.0139026145344971,0.0163504870669094
famp3,100,Wasserstein,kxx,0.100812576091957,0.0626965597599606,0.148705405343045,0.0113653475773725,0.0108938315825049,0.0199056819501807
famp3,100,Wasserstein,kyy,0.142862695185076,0.0788039668054214,0.239150288463764,0.0155091125430321,0.0100452423249722,0.0169895492938861
famp3,100,Wasserstein,kzz,0.0850798737419043,0.0501485627748501,0.191504659077077,0.0157270403376546,0.010140357643638,0.0163612390825069
famp3,200,MAE,kxx,0.00684375,0.0050875,0.0087125,0.00139166666666667,0.000983333333333333,0.00145416666666667
famp3,200,MAE,kyy,0.00690416666666667,0.00514583333333333,0.00963541666666667,0.00114583333333333,0.000645833333333333,0.00122916666666667
famp3,200,MAE,kzz,0.00538125,0.00379791666666667,0.00843541666666667,0.00113333333333333,0.000979166666666667,0.00140416666666666
famp3,200,Hellinger,kxx,0.10365854388961,0.0792202359079055,0.129825670125947,0.0169451693610754,0.014669696211995,0.0188431671409542
famp3,200,Hellinger,kyy,0.0991494065606077,0.0747649575694993,0.126196277354585,0.0132128063315879,0.00828016032333249,0.0139362954049294
famp3,200,Hellinger,kzz,0.0986104200689061,0.080994987820373,0.122985001769848,0.0163423390760601,0.0139026145344971,0.0163504870669094
famp3,200,Wasserstein,kxx,0.0767680518300578,0.0431797659856624,0.146411692935743,0.0113653475773725,0.0108938315825049,0.0199056819501807
famp3,200,Wasserstein,kyy,0.0897254563243238,0.059546581641181,0.214308745699528,0.0155091125430321,0.0100452423249722,0.0169895492938861
famp3,200,Wasserstein,kzz,0.06649302913349,0.0437429014107197,0.15042326335264,0.0157270403376546,0.010140357643638,0.0163612390825069
famp3,300,MAE,kxx,0.00513958333333334,0.00365069444444445,0.00740902777777778,0.00139166666666667,0.000983333333333333,0.00145416666666667
famp3,300,MAE,kyy,0.00543263888888889,0.00411041666666667,0.00688541666666667,0.00114583333333333,0.000645833333333333,0.00122916666666667
famp3,300,MAE,kzz,0.00498680555555556,0.00335972222222222,0.00684791666666667,0.00113333333333333,0.000979166666666667,0.00140416666666666
famp3,300,Hellinger,kxx,0.0755607066290555,0.0524242755534849,0.0979760519406788,0.0169451693610754,0.014669696211995,0.0188431671409542
famp3,300,Hellinger,kyy,0.0763177053329165,0.0612036065438433,0.0961301880104619,0.0132128063315879,0.00828016032333249,0.0139362954049294
famp3,300,Hellinger,kzz,0.0820476666821524,0.0670519865613076,0.10054163684173,0.0163423390760601,0.0139026145344971,0.0163504870669094
famp3,300,Wasserstein,kxx,0.0547589229167456,0.0369039393737061,0.111242164690659,0.0113653475773725,0.0108938315825049,0.0199056819501807
famp3,300,Wasserstein,kyy,0.0738200614568535,0.0382072590302443,0.142884661223045,0.0155091125430321,0.0100452423249722,0.0169895492938861
famp3,300,Wasserstein,kzz,0.0582030516518287,0.0377546778308606,0.112473457443476,0.0157270403376546,0.010140357643638,0.0163612390825069
famp3,400,MAE,kxx,0.00491666666666667,0.00289791666666667,0.00726041666666667,0.00139166666666667,0.000983333333333333,0.00145416666666667
famp3,400,MAE,kyy,0.005325,0.00317916666666667,0.00715,0.00114583333333333,0.000645833333333333,0.00122916666666667
famp3,400,MAE,kzz,0.00446041666666667,0.00271041666666667,0.0058375,0.00113333333333333,0.000979166666666667,0.00140416666666666
famp3,400,Hellinger,kxx,0.0630006789547545,0.0423212574317485,0.0798884511545832,0.0169451693610754,0.014669696211995,0.0188431671409542
famp3,400,Hellinger,kyy,0.0741750066346366,0.05857725959554,0.0840690657687344,0.0132128063315879,0.00828016032333249,0.0139362954049294
famp3,400,Hellinger,kzz,0.0699661275013953,0.0583989375467983,0.0841972034990279,0.0163423390760601,0.0139026145344971,0.0163504870669094
famp3,400,Wasserstein,kxx,0.0478325618822546,0.0327270332405054,0.0876374994507676,0.0113653475773725,0.0108938315825049,0.0199056819501807
famp3,400,Wasserstein,kyy,0.0591620660162274,0.0319890305472965,0.123436426538893,0.0155091125430321,0.0100452423249722,0.0169895492938861
famp3,400,Wasserstein,kzz,0.0565383760433922,0.0300309212214224,0.100905786884141,0.0157270403376546,0.010140357643638,0.0163612390825069
famp3,500,MAE,kxx,0.00403541666666667,0.00301875,0.00569166666666667,0.00139166666666667,0.000983333333333333,0.00145416666666667
famp3,500,MAE,kyy,0.0044875,0.00278333333333333,0.006475,0.00114583333333333,0.000645833333333333,0.00122916666666667
famp3,500,MAE,kzz,0.003925,0.00291666666666667,0.00626666666666667,0.00113333333333333,0.000979166666666667,0.00140416666666666
famp3,500,Hellinger,kxx,0.0568819657176318,0.0450149354412237,0.0755947558709007,0.0169451693610754,0.014669696211995,0.0188431671409542
famp3,500,Hellinger,kyy,0.0651252174863202,0.0470006442590798,0.0776425970061126,0.0132128063315879,0.00828016032333249,0.0139362954049294
famp3,500,Hellinger,kzz,0.0648345245670073,0.0511190729113811,0.0812220028957459,0.0163423390760601,0.0139026145344971,0.0163504870669094
famp3,500,Wasserstein,kxx,0.0423090875673864,0.0284376104343869,0.072384179898472,0.0113653475773725,0.0108938315825049,0.0199056819501807
famp3,500,Wasserstein,kyy,0.058722693567324,0.0341148200987955,0.0957561641935886,0.0155091125430321,0.0100452423249722,0.0169895492938861
famp3,500,Wasserstein,kzz,0.0448376138637015,0.0277630755206738,0.0887023517921182,0.0157270403376546,0.010140357643638,0.0163612390825069
famp3,750,MAE,kxx,0.00381319444444445,0.00266388888888889,0.004575,0.00139166666666667,0.000983333333333333,0.00145416666666667
famp3,750,MAE,kyy,0.00362777777777778,0.00257777777777778,0.00513472222222222,0.00114583333333333,0.000645833333333333,0.00122916666666667
famp3,750,MAE,kzz,0.00305208333333333,0.00196736111111111,0.00410069444444445,0.00113333333333333,0.000979166666666667,0.00140416666666666
famp3,750,Hellinger,kxx,0.0503400893207191,0.0392004740266799,0.0585845351724976,0.0169451693610754,0.014669696211995,0.0188431671409542
famp3,750,Hellinger,kyy,0.0521656901091195,0.0445555493173864,0.0651213522485517,0.0132128063315879,0.00828016032333249,0.0139362954049294
famp3,750,Hellinger,kzz,0.0501549051856308,0.0381138390559351,0.064094681525098,0.0163423390760601,0.0139026145344971,0.0163504870669094
famp3,750,Wasserstein,kxx,0.0433800605672479,0.0273228443903406,0.0694629437966168,0.0113653475773725,0.0108938315825049,0.0199056819501807
famp3,750,Wasserstein,kyy,0.0406062937479548,0.0232153469466515,0.0774630971742965,0.0155091125430321,0.0100452423249722,0.0169895492938861
famp3,750,Wasserstein,kzz,0.0403198244881581,0.0234228052645924,0.0629495701370658,0.0157270403376546,0.010140357643638,0.0163612390825069
famp3,1000,MAE,kxx,0.00300416666666667,0.00233333333333333,0.0041875,0.00139166666666667,0.000983333333333333,0.00145416666666667
famp3,1000,MAE,kyy,0.00323125,0.0025625,0.00508125,0.00114583333333333,0.000645833333333333,0.00122916666666667
famp3,1000,MAE,kzz,0.00249791666666666,0.001575,0.00366666666666667,0.00113333333333333,0.000979166666666667,0.00140416666666666
famp3,1000,Hellinger,kxx,0.0391762249047371,0.0342802476028644,0.0502139215541732,0.0169451693610754,0.014669696211995,0.0188431671409542
famp3,1000,Hellinger,kyy,0.0488877223929107,0.0382145575926339,0.0590882478905554,0.0132128063315879,0.00828016032333249,0.0139362954049294
famp3,1000,Hellinger,kzz,0.0440754201849706,0.0353895321775587,0.0561261310999119,0.0163423390760601,0.0139026145344971,0.0163504870669094
famp3,1000,Wasserstein,kxx,0.0299068612858927,0.0209707035017018,0.054584053069123,0.0113653475773725,0.0108938315825049,0.0199056819501807
famp3,1000,Wasserstein,kyy,0.0362566622707101,0.0262146373477139,0.0891290422155488,0.0155091125430321,0.0100452423249722,0.0169895492938861
famp3,1000,Wasserstein,kzz,0.0327742543903548,0.0184732938478028,0.0740320822663861,0.0157270403376546,0.010140357643638,0.0163612390825069
famp3,1500,MAE,kxx,0.00257638888888889,0.00189444444444444,0.00357916666666667,0.00139166666666667,0.000983333333333333,0.00145416666666667
famp3,1500,MAE,kyy,0.00281597222222222,0.00211041666666667,0.00383055555555555,0.00114583333333333,0.000645833333333333,0.00122916666666667
famp3,1500,MAE,kzz,0.00202152777777778,0.00159166666666667,0.00306111111111111,0.00113333333333333,0.000979166666666667,0.00140416666666666
famp3,1500,Hellinger,kxx,0.0335817830538957,0.0268118475688606,0.0435625023151627,0.0169451693610754,0.014669696211995,0.0188431671409542
famp3,1500,Hellinger,kyy,0.0366091428126778,0.031311923953419,0.0464022248422354,0.0132128063315879,0.00828016032333249,0.0139362954049294
famp3,1500,Hellinger,kzz,0.0364352866633947,0.0299083485108917,0.04491194931259,0.0163423390760601,0.0139026145344971,0.0163504870669094
famp3,1500,Wasserstein,kxx,0.0257948634603507,0.0173098634415787,0.0408150604571125,0.0113653475773725,0.0108938315825049,0.0199056819501807
famp3,1500,Wasserstein,kyy,0.0370152543722439,0.0239743268104878,0.0682811608651621,0.0155091125430321,0.0100452423249722,0.0169895492938861
famp3,1500,Wasserstein,kzz,0.0286351413693586,0.0177737037432405,0.0558770522085214,0.0157270403376546,0.010140357643638,0.0163612390825069
famp3,2000,MAE,kxx,0.00215833333333333,0.0016875,0.00285416666666667,0.00139166666666667,0.000983333333333333,0.00145416666666667
famp3,2000,MAE,kyy,0.00227708333333333,0.00172916666666667,0.003275,0.00114583333333333,0.000645833333333333,0.00122916666666667
famp3,2000,MAE,kzz,0.00176875,0.00142083333333333,0.00269583333333333,0.00113333333333333,0.000979166666666667,0.00140416666666666
famp3,2000,Hellinger,kxx,0.0314105398100831,0.0246873701835034,0.0388304396698828,0.0169451693610754,0.014669696211995,0.0188431671409542
famp3,2000,Hellinger,kyy,0.0324841521685798,0.0236171667346888,0.0420170348310433,0.0132128063315879,0.00828016032333249,0.0139362954049294
famp3,2000,Hellinger,kzz,0.0325076830752411,0.0261157485791134,0.0390321925215951,0.0163423390760601,0.0139026145344971,0.0163504870669094
famp3,2000,Wasserstein,kxx,0.0217558854152158,0.014758714059561,0.0359961097909581,0.0113653475773725,0.0108938315825049,0.0199056819501807
famp3,2000,Wasserstein,kyy,0.0298509226105662,0.0194887850801395,0.0568533035292352,0.0155091125430321,0.0100452423249722,0.0169895492938861
famp3,2000,Wasserstein,kzz,0.02482852349012,0.0174262544126528,0.0371801590554355,0.0157270403376546,0.010140357643638,0.0163612390825069
famp4,20,MAE,kxx,0.0198166666666667,0.013875,0.0279770833333333,0.00117916666666667,0.000745833333333334,0.00125833333333333
famp4,20,MAE,kyy,0.0216479166666667,0.016425,0.0284625,0.000841666666666666,0.000837500000000001,0.00105
famp4,20,MAE,kzz,0.0158229166666667,0.0114270833333333,0.0290416666666667,0.000983333333333331,0.000629166666666666,0.00105833333333333
famp4,20,Hellinger,kxx,0.271044868421709,0.212600638767558,0.350659189201904,0.0141594883670067,0.0109669385375734,0.0149189331820998
famp4,20,Hellinger,kyy,0.312759862985185,0.222434172411826,0.397142873186062,0.013488701419251,0.0132858221337379,0.0135814265326455
famp4,20,Hellinger,kzz,0.265091702547976,0.217487749085352,0.36543205849898,0.0176256990473387,0.0172688862348541,0.018543685984192
famp4,20,Wasserstein,kxx,0.216387937642102,0.140067379459717,0.439527863337944,0.0129207619585896,0.00686337059683023,0.015901771125119
famp4,20,Wasserstein,kyy,0.332362818421853,0.163043490095659,0.657751887896556,0.00792099338088277,0.00624980955772391,0.00978591480215477
famp4,20,Wasserstein,kzz,0.273288593556179,0.146265730396719,0.419052578735228,0.0276380964062994,0.011435921434879,0.0387240267278587
famp4,50,MAE,kxx,0.0112916666666667,0.00820416666666667,0.0160916666666667,0.00117916666666667,0.000745833333333334,0.00125833333333333
famp4,50,MAE,kyy,0.0156333333333333,0.0113895833333333,0.0201875,0.000841666666666666,0.000837500000000001,0.00105
famp4,50,MAE,kzz,0.0100979166666667,0.00708541666666667,0.0135770833333333,0.000983333333333331,0.000629166666666666,0.00105833333333333
famp4,50,Hellinger,kxx,0.166992480815122,0.130166185774596,0.227770083944348,0.0141594883670067,0.0109669385375734,0.0149189331820998
famp4,50,Hellinger,kyy,0.2083597719545,0.161212508822096,0.265837742756995,0.013488701419251,0.0132858221337379,0.0135814265326455
famp4,50,Hellinger,kzz,0.183352789962588,0.130780051049732,0.222723649554585,0.0176256990473387,0.0172688862348541,0.018543685984192
famp4,50,Wasserstein,kxx,0.133117635935671,0.0914154087647186,0.221190639884517,0.0129207619585896,0.00686337059683023,0.015901771125119
famp4,50,Wasserstein,kyy,0.213340707990266,0.09778795929614,0.335102851550134,0.00792099338088277,0.00624980955772391,0.00978591480215477
famp4,50,Wasserstein,kzz,0.136490523663781,0.0781402154188079,0.252261921920719,0.0276380964062994,0.011435921434879,0.0387240267278587
famp4,100,MAE,kxx,0.008275,0.00492708333333333,0.0108166666666667,0.00117916666666667,0.000745833333333334,0.00125833333333333
famp4,100,MAE,kyy,0.00959583333333333,0.00784791666666667,0.01333125,0.000841666666666666,0.000837500000000001,0.00105
famp4,100,MAE,kzz,0.00766458333333333,0.00577708333333333,0.01155,0.000983333333333331,0.000629166666666666,0.00105833333333333
famp4,100,Hellinger,kxx,0.121208414926445,0.0936835963717036,0.157155002356621,0.0141594883670067,0.0109669385375734,0.0149189331820998
famp4,100,Hellinger,kyy,0.135983158766741,0.108408220060254,0.168728680187288,0.013488701419251,0.0132858221337379,0.0135814265326455
famp4,100,Hellinger,kzz,0.139061209626409,0.0982147081616636,0.181458483039359,0.0176256990473387,0.0172688862348541,0.018543685984192
famp4,100,Wasserstein,kxx,0.0817507328441645,0.0569379029796683,0.144425152136415,0.0129207619585896,0.00686337059683023,0.015901771125119
famp4,100,Wasserstein,kyy,0.130357229757176,0.074955723636618,0.235394993112178,0.00792099338088277,0.00624980955772391,0.00978591480215477
famp4,100,Wasserstein,kzz,0.0907484282134216,0.0587185749796774,0.198942838317309,0.0276380964062994,0.011435921434879,0.0387240267278587
famp4,200,MAE,kxx,0.0067625,0.0051,0.0084875,0.00117916666666667,0.000745833333333334,0.00125833333333333
famp4,200,MAE,kyy,0.00716666666666666,0.005125,0.00937291666666667,0.000841666666666666,0.000837500000000001,0.00105
famp4,200,MAE,kzz,0.00612083333333333,0.00343958333333333,0.00817916666666667,0.000983333333333331,0.000629166666666666,0.00105833333333333
famp4,200,Hellinger,kxx,0.095497866222348,0.0776027986209855,0.139460797132767,0.0141594883670067,0.0109669385375734,0.0149189331820998
famp4,200,Hellinger,kyy,0.104173882595512,0.0741727616227283,0.124486647717212,0.013488701419251,0.0132858221337379,0.0135814265326455
famp4,200,Hellinger,kzz,0.0966498356657583,0.0712509393711143,0.117390043352739,0.0176256990473387,0.0172688862348541,0.018543685984192
famp4,200,Wasserstein,kxx,0.0868173901100453,0.050154415456894,0.139762677301526,0.0129207619585896,0.00686337059683023,0.015901771125119
famp4,200,Wasserstein,kyy,0.0970282963644763,0.0567854208960774,0.239200315164405,0.00792099338088277,0.00624980955772391,0.00978591480215477
famp4,200,Wasserstein,kzz,0.0687199269076007,0.0384185908805561,0.123297995343292,0.0276380964062994,0.011435921434879,0.0387240267278587
famp4,300,MAE,kxx,0.00527569444444444,0.00401527777777778,0.00762916666666667,0.00117916666666667,0.000745833333333334,0.00125833333333333
famp4,300,MAE,kyy,0.00568888888888889,0.00413541666666667,0.00866041666666667,0.000841666666666666,0.000837500000000001,0.00105
famp4,300,MAE,kzz,0.0042625,0.00249236111111111,0.00587986111111111,0.000983333333333331,0.000629166666666666,0.00105833333333333
famp4,300,Hellinger,kxx,0.077796195423436,0.0573907534912211,0.0965745768161155,0.0141594883670067,0.0109669385375734,0.0149189331820998
famp4,300,Hellinger,kyy,0.0792057624683248,0.0616386495297383,0.102707125785853,0.013488701419251,0.0132858221337379,0.0135814265326455
famp4,300,Hellinger,kzz,0.0710200009724566,0.051961080950179,0.102058259572125,0.0176256990473387,0.0172688862348541,0.018543685984192
famp4,300,Wasserstein,kxx,0.0586362301138254,0.0425652524295747,0.0998319809730052,0.0129207619585896,0.00686337059683023,0.015901771125119
famp4,300,Wasserstein,kyy,0.0760972014081884,0.0369381312227979,0.160488041985837,0.00792099338088277,0.00624980955772391,0.00978591480215477
famp4,300,Wasserstein,kzz,0.0586561905863857,0.0371302327420774,0.0917478819573742,0.0276380964062994,0.011435921434879,0.0387240267278587
famp4,400,MAE,kxx,0.00469166666666667,0.00321666666666667,0.00548125,0.00117916666666667,0.000745833333333334,0.00125833333333333
famp4,400,MAE,kyy,0.0056375,0.00403541666666667,0.00738333333333333,0.000841666666666666,0.000837500000000001,0.00105
famp4,400,MAE,kzz,0.00417083333333333,0.0024625,0.00548958333333333,0.000983333333333331,0.000629166666666666,0.00105833333333333
famp4,400,Hellinger,kxx,0.0627912530333065,0.0507310196523573,0.0774480312948961,0.0141594883670067,0.0109669385375734,0.0149189331820998
famp4,400,Hellinger,kyy,0.0728722156347486,0.0609010784426022,0.0897186803102006,0.013488701419251,0.0132858221337379,0.0135814265326455
famp4,400,Hellinger,kzz,0.069189248671916,0.0503810254993976,0.0813182529719186,0.0176256990473387,0.0172688862348541,0.018543685984192
famp4,400,Wasserstein,kxx,0.0457882462859384,0.0358081333524788,0.0743734198127519,0.0129207619585896,0.00686337059683023,0.015901771125119
famp4,400,Wasserstein,kyy,0.0863081644668141,0.0424651913166344,0.141419610769732,0.00792099338088277,0.00624980955772391,0.00978591480215477
famp4,400,Wasserstein,kzz,0.0450584609302287,0.0342012426444123,0.093296530805168,0.0276380964062994,0.011435921434879,0.0387240267278587
famp4,500,MAE,kxx,0.00361875,0.00265416666666667,0.00508541666666667,0.00117916666666667,0.000745833333333334,0.00125833333333333
famp4,500,MAE,kyy,0.00455625,0.00326458333333333,0.00573333333333333,0.000841666666666666,0.000837500000000001,0.00105
famp4,500,MAE,kzz,0.00393125,0.00288958333333333,0.00556666666666667,0.000983333333333331,0.000629166666666666,0.00105833333333333
famp4,500,Hellinger,kxx,0.0518830019020844,0.0383834256586061,0.0677494833127835,0.0141594883670067,0.0109669385375734,0.0149189331820998
famp4,500,Hellinger,kyy,0.0668801284155245,0.0490953285752691,0.0768081717367704,0.013488701419251,0.0132858221337379,0.0135814265326455
famp4,500,Hellinger,kzz,0.0648245204717253,0.0508462430166121,0.0761437458112665,0.0176256990473387,0.0172688862348541,0.018543685984192
famp4,500,Wasserstein,kxx,0.0408757301079445,0.0254434812887014,0.0694024676744096,0.0129207619585896,0.00686337059683023,0.015901771125119
famp4,500,Wasserstein,kyy,0.062387398892908,0.0370252098638853,0.134033978092413,0.00792099338088277,0.00624980955772391,0.00978591480215477
famp4,500,Wasserstein,kzz,0.0441753635774259,0.0250049682758483,0.0906713864053523,0.0276380964062994,0.011435921434879,0.0387240267278587
famp4,750,MAE,kxx,0.00329722222222222,0.00259166666666667,0.00454166666666667,0.00117916666666667,0.000745833333333334,0.00125833333333333
famp4,750,MAE,kyy,0.00361111111111111,0.00282013888888889,0.00521041666666667,0.000841666666666666,0.000837500000000001,0.00105
famp4,750,MAE,kzz,0.00335694444444444,0.00212361111111111,0.00419375,0.000983333333333331,0.000629166666666666,0.00105833333333333
famp4,750,Hellinger,kxx,0.0498060825855263,0.0359969508782743,0.0618778912852979,0.0141594883670067,0.0109669385375734,0.0149189331820998
famp4,750,Hellinger,kyy,0.0503633580315846,0.0429563675567487,0.0594477349162877,0.013488701419251,0.0132858221337379,0.0135814265326455
famp4,750,Hellinger,kzz,0.0530404107526264,0.0430336242369185,0.0702304191641213,0.0176256990473387,0.0172688862348541,0.018543685984192
famp4,750,Wasserstein,kxx,0.0389988910172716,0.0267026715708554,0.0680325427750151,0.0129207619585896,0.00686337059683023,0.015901771125119
famp4,750,Wasserstein,kyy,0.0495089714641644,0.0259014473464024,0.0947637658322164,0.00792099338088277,0.00624980955772391,0.00978591480215477
famp4,750,Wasserstein,kzz,0.0299223842909742,0.0212709200701509,0.05049144270028,0.0276380964062994,0.011435921434879,0.0387240267278587
famp4,1000,MAE,kxx,0.00311041666666667,0.00207708333333333,0.00420625,0.00117916666666667,0.000745833333333334,0.00125833333333333
famp4,1000,MAE,kyy,0.00331875,0.00216458333333333,0.00426041666666666,0.000841666666666666,0.000837500000000001,0.00105
famp4,1000,MAE,kzz,0.00282291666666667,0.00212083333333333,0.00364583333333333,0.000983333333333331,0.000629166666666666,0.00105833333333333
famp4,1000,Hellinger,kxx,0.0408597792387898,0.0296480791822339,0.0549933783656723,0.0141594883670067,0.0109669385375734,0.0149189331820998
famp4,1000,Hellinger,kyy,0.0483545028306756,0.0346337366880066,0.0562143972319235,0.013488701419251,0.0132858221337379,0.0135814265326455
famp4,1000,Hellinger,kzz,0.0460414818222653,0.040327084815516,0.0552620234471523,0.0176256990473387,0.0172688862348541,0.018543685984192
famp4,1000,Wasserstein,kxx,0.0345425064501173,0.0248081793785153,0.0486295033373099,0.0129207619585896,0.00686337059683023,0.015901771125119
famp4,1000,Wasserstein,kyy,0.0414896266556076,0.0249153323176109,0.0848162296243572,0.00792099338088277,0.00624980955772391,0.00978591480215477
famp4,1000,Wasserstein,kzz,0.0355518496359125,0.0251171431261156,0.0809837640012432,0.0276380964062994,0.011435921434879,0.0387240267278587
famp4,1500,MAE,kxx,0.00228958333333333,0.00183888888888889,0.00311180555555556,0.00117916666666667,0.000745833333333334,0.00125833333333333
famp4,1500,MAE,kyy,0.0027375,0.00217569444444444,0.00382708333333333,0.000841666666666666,0.000837500000000001,0.00105
famp4,1500,MAE,kzz,0.00244861111111111,0.00148541666666667,0.00321875,0.000983333333333331,0.000629166666666666,0.00105833333333333
famp4,1500,Hellinger,kxx,0.0335362675006831,0.0265007246869413,0.0442150238902733,0.0141594883670067,0.0109669385375734,0.0149189331820998
famp4,1500,Hellinger,kyy,0.0413421241638906,0.0301529994529184,0.0515004818150067,0.013488701419251,0.0132858221337379,0.0135814265326455
famp4,1500,Hellinger,kzz,0.0386760130737743,0.0286157809761898,0.0484768838588081,0.0176256990473387,0.0172688862348541,0.018543685984192
famp4,1500,Wasserstein,kxx,0.0271751025666854,0.016161590019976,0.0478663074140678,0.0129207619585896,0.00686337059683023,0.015901771125119
famp4,1500,Wasserstein,kyy,0.0401558932704285,0.0227770034563528,0.0765189214399376,0.00792099338088277,0.00624980955772391,0.00978591480215477
famp4,1500,Wasserstein,kzz,0.0289100752089845,0.0195307768571294,0.0607953544300818,0.0276380964062994,0.011435921434879,0.0387240267278587
famp4,2000,MAE,kxx,0.00205625,0.0014125,0.00300833333333333,0.00117916666666667,0.000745833333333334,0.00125833333333333
famp4,2000,MAE,kyy,0.00239583333333333,0.001775,0.00302083333333333,0.000841666666666666,0.000837500000000001,0.00105
famp4,2000,MAE,kzz,0.00206666666666667,0.0013125,0.00286041666666667,0.000983333333333331,0.000629166666666666,0.00105833333333333
famp4,2000,Hellinger,kxx,0.0289454729392788,0.0218971438244627,0.0378116544642095,0.0141594883670067,0.0109669385375734,0.0149189331820998
famp4,2000,Hellinger,kyy,0.0316515978658053,0.0276039386931923,0.0442890086849423,0.013488701419251,0.0132858221337379,0.0135814265326455
famp4,2000,Hellinger,kzz,0.0332539161710198,0.0254848777092049,0.0425518335551482,0.0176256990473387,0.0172688862348541,0.018543685984192
famp4,2000,Wasserstein,kxx,0.0244990081234499,0.0148339407788121,0.0388529116394476,0.0129207619585896,0.00686337059683023,0.015901771125119
famp4,2000,Wasserstein,kyy,0.0342978229657506,0.0195196966484564,0.066488302956785,0.00792099338088277,0.00624980955772391,0.00978591480215477
famp4,2000,Wasserstein,kzz,0.0262941869185394,0.0162116208099843,0.0407079735481472,0.0276380964062994,0.011435921434879,0.0387240267278587
famp5,20,MAE,kxx,0.0216104166666667,0.0151895833333333,0.028925,0.000820833333333334,0.000666666666666666,0.000933333333333335
famp5,20,MAE,kyy,0.0217645833333333,0.0148958333333333,0.0304291666666667,0.000891666666666668,0.0004375,0.000941666666666667
famp5,20,MAE,kzz,0.0183125,0.01366875,0.025925,0.000687500000000001,0.000599999999999999,0.000883333333333332
famp5,20,Hellinger,kxx,0.290941269708382,0.232937845105566,0.392624016873561,0.00948897446287664,0.00887472341505985,0.00993784270818745
famp5,20,Hellinger,kyy,0.327579774592031,0.266620931314992,0.392439249194468,0.0100528302630276,0.00809925710492207,0.0113566313534739
famp5,20,Hellinger,kzz,0.294176503974627,0.236733011952114,0.375338285674818,0.0123912176603858,0.0109136617450829,0.0124012605027441
famp5,20,Wasserstein,kxx,0.282365936260396,0.182779600073148,0.519537613769063,0.00921800494848425,0.00796551502974451,0.00927729568518265
famp5,20,Wasserstein,kyy,0.241976937656187,0.151867337648975,0.713059025136639,0.0163907905561586,0.00596177952102211,0.0165706718609889
famp5,20,Wasserstein,kzz,0.266005552436029,0.170783026784064,0.461984314596597,0.00936264237104143,0.00640365278566259,0.0110653880414705
famp5,50,MAE,kxx,0.012325,0.00909375,0.0168104166666667,0.000820833333333334,0.000666666666666666,0.000933333333333335
famp5,50,MAE,kyy,0.0119458333333333,0.00975625,0.0171458333333333,0.000891666666666668,0.0004375,0.000941666666666667
famp5,50,MAE,kzz,0.0108291666666667,0.00734791666666667,0.0168958333333333,0.000687500000000001,0.000599999999999999,0.000883333333333332
famp5,50,Hellinger,kxx,0.178666249574076,0.139177027080398,0.216692224493583,0.00948897446287664,0.00887472341505985,0.00993784270818745
famp5,50,Hellinger,kyy,0.193686723281259,0.147220903592826,0.234633352503264,0.0100528302630276,0.00809925710492207,0.0113566313534739
famp5,50,Hellinger,kzz,0.189874257687241,0.145235123784822,0.243444275309317,0.0123912176603858,0.0109136617450829,0.0124012605027441
famp5,50,Wasserstein,kxx,0.139280060598571,0.0904595189853692,0.23034681780722,0.00921800494848425,0.00796551502974451,0.00927729568518265
famp5,50,Wasserstein,kyy,0.168515869255822,0.12243300449647,0.321869364945656,0.0163907905561586,0.00596177952102211,0.0165706718609889
famp5,50,Wasserstein,kzz,0.1506931594646,0.0978331280804281,0.286334298374638,0.00936264237104143,0.00640365278566259,0.0110653880414705
famp5,100,MAE,kxx,0.00932708333333333,0.00578541666666667,0.011675,0.000820833333333334,0.000666666666666666,0.000933333333333335
famp5,100,MAE,kyy,0.00956666666666666,0.0081125,0.0128125,0.000891666666666668,0.0004375,0.000941666666666667
famp5,100,MAE,kzz,0.00841458333333333,0.00588333333333333,0.01219375,0.000687500000000001,0.000599999999999999,0.000883333333333332
famp5,100,Hellinger,kxx,0.129817331204299,0.104036802930194,0.165704688830604,0.00948897446287664,0.00887472341505985,0.00993784270818745
famp5,100,Hellinger,kyy,0.139262389601724,0.11359767328134,0.184802480805353,0.0100528302630276,0.00809925710492207,0.0113566313534739
famp5,100,Hellinger,kzz,0.134825295647825,0.106707064449943,0.167331834721828,0.0123912176603858,0.0109136617450829,0.0124012605027441
famp5,100,Wasserstein,kxx,0.095318588321899,0.0685052130388013,0.205573360254205,0.00921800494848425,0.00796551502974451,0.00927729568518265
famp5,100,Wasserstein,kyy,0.135739967593473,0.0779276597766559,0.233379102688055,0.0163907905561586,0.00596177952102211,0.0165706718609889
famp5,100,Wasserstein,kzz,0.10857384040051,0.0589581285265599,0.2158995281935,0.00936264237104143,0.00640365278566259,0.0110653880414705
famp5,200,MAE,kxx,0.00653125,0.00467291666666667,0.00804583333333333,0.000820833333333334,0.000666666666666666,0.000933333333333335
famp5,200,MAE,kyy,0.00679166666666666,0.0050625,0.00835625,0.000891666666666668,0.0004375,0.000941666666666667
famp5,200,MAE,kzz,0.00619375,0.00410208333333333,0.0079375,0.000687500000000001,0.000599999999999999,0.000883333333333332
famp5,200,Hellinger,kxx,0.0906442192011795,0.0754509940373006,0.114596299512439,0.00948897446287664,0.00887472341505985,0.00993784270818745
famp5,200,Hellinger,kyy,0.0923863473378856,0.0678736436231452,0.117339698425779,0.0100528302630276,0.00809925710492207,0.0113566313534739
famp5,200,Hellinger,kzz,0.0984458013087898,0.0775357974977044,0.133044774117819,0.0123912176603858,0.0109136617450829,0.0124012605027441
famp5,200,Wasserstein,kxx,0.0783645783685935,0.0493431423169441,0.113625248525494,0.00921800494848425,0.00796551502974451,0.00927729568518265
famp5,200,Wasserstein,kyy,0.116792352807337,0.0634353928996093,0.161546558574278,0.0163907905561586,0.00596177952102211,0.0165706718609889
famp5,200,Wasserstein,kzz,0.0789259854205918,0.0457247936513712,0.153170915461601,0.00936264237104143,0.00640365278566259,0.0110653880414705
famp5,300,MAE,kxx,0.00565625,0.00417152777777778,0.00727222222222222,0.000820833333333334,0.000666666666666666,0.000933333333333335
famp5,300,MAE,kyy,0.00567708333333333,0.00469305555555556,0.0078125,0.000891666666666668,0.0004375,0.000941666666666667
famp5,300,MAE,kzz,0.00476597222222222,0.00330972222222222,0.00702638888888889,0.000687500000000001,0.000599999999999999,0.000883333333333332
famp5,300,Hellinger,kxx,0.0791443445080971,0.0631900355531789,0.0982717475708383,0.00948897446287664,0.00887472341505985,0.00993784270818745
famp5,300,Hellinger,kyy,0.0832025159240415,0.0662292647892504,0.100952524412867,0.0100528302630276,0.00809925710492207,0.0113566313534739
famp5,300,Hellinger,kzz,0.0765505082982421,0.0635829461419859,0.10111804864995,0.0123912176603858,0.0109136617450829,0.0124012605027441
famp5,300,Wasserstein,kxx,0.0581101144020047,0.0387062944492635,0.0989124227944671,0.00921800494848425,0.00796551502974451,0.00927729568518265
famp5,300,Wasserstein,kyy,0.0924818430000362,0.0509805478621548,0.150670813101088,0.0163907905561586,0.00596177952102211,0.0165706718609889
famp5,300,Wasserstein,kzz,0.0547587218214509,0.0360755222996819,0.108333186191662,0.00936264237104143,0.00640365278566259,0.0110653880414705
famp5,400,MAE,kxx,0.00493333333333333,0.00368958333333333,0.00697083333333333,0.000820833333333334,0.000666666666666666,0.000933333333333335
famp5,400,MAE,kyy,0.00557291666666667,0.00412083333333333,0.00673958333333333,0.000891666666666668,0.0004375,0.000941666666666667
famp5,400,MAE,kzz,0.004675,0.00287916666666667,0.00538333333333334,0.000687500000000001,0.000599999999999999,0.000883333333333332
famp5,400,Hellinger,kxx,0.0677005862321811,0.0468588113976009,0.0854910752007378,0.00948897446287664,0.00887472341505985,0.00993784270818745
famp5,400,Hellinger,kyy,0.0680379312391173,0.0518140798155134,0.0834120004053787,0.0100528302630276,0.00809925710492207,0.0113566313534739
famp5,400,Hellinger,kzz,0.0726780052447773,0.0551260521465051,0.0864225195217932,0.0123912176603858,0.0109136617450829,0.0124012605027441
famp5,400,Wasserstein,kxx,0.0527912782823044,0.0358062398401498,0.0948222223735496,0.00921800494848425,0.00796551502974451,0.00927729568518265
famp5,400,Wasserstein,kyy,0.076607267652305,0.0402096517436573,0.148134630771037,0.0163907905561586,0.00596177952102211,0.0165706718609889
famp5,400,Wasserstein,kzz,0.0519589660987724,0.0319756974685615,0.0856837954937912,0.00936264237104143,0.00640365278566259,0.0110653880414705
famp5,500,MAE,kxx,0.00438125,0.00293333333333333,0.00567083333333333,0.000820833333333334,0.000666666666666666,0.000933333333333335
famp5,500,MAE,kyy,0.00449583333333333,0.00323958333333333,0.00602916666666667,0.000891666666666668,0.0004375,0.000941666666666667
famp5,500,MAE,kzz,0.00378541666666667,0.00286875,0.00500416666666667,0.000687500000000001,0.000599999999999999,0.000883333333333332
famp5,500,Hellinger,kxx,0.0599208643836949,0.0445020380444458,0.0810209462219432,0.00948897446287664,0.00887472341505985,0.00993784270818745
famp5,500,Hellinger,kyy,0.063639430363625,0.0469434086115435,0.071977934575537,0.0100528302630276,0.00809925710492207,0.0113566313534739
famp5,500,Hellinger,kzz,0.0611190762037609,0.0521912152468359,0.0772495854793062,0.0123912176603858,0.0109136617450829,0.0124012605027441
famp5,500,Wasserstein,kxx,0.0517523530820071,0.0351564039368889,0.0802835182042108,0.00921800494848425,0.00796551502974451,0.00927729568518265
famp5,500,Wasserstein,kyy,0.0508643422811635,0.0363379004883999,0.115170550311404,0.0163907905561586,0.00596177952102211,0.0165706718609889
famp5,500,Wasserstein,kzz,0.0384554340516282,0.0244959754244867,0.0825509234355541,0.00936264237104143,0.00640365278566259,0.0110653880414705
famp5,750,MAE,kxx,0.00370833333333333,0.00229444444444444,0.00502222222222222,0.000820833333333334,0.000666666666666666,0.000933333333333335
famp5,750,MAE,kyy,0.00367083333333333,0.00265208333333333,0.00490972222222222,0.000891666666666668,0.0004375,0.000941666666666667
famp5,750,MAE,kzz,0.0028625,0.00177430555555556,0.00418402777777778,0.000687500000000001,0.000599999999999999,0.000883333333333332
famp5,750,Hellinger,kxx,0.0488139661082182,0.0396778005066425,0.0665420371121378,0.00948897446287664,0.00887472341505985,0.00993784270818745
famp5,750,Hellinger,kyy,0.0497960987627132,0.0397375342493157,0.0625275842245613,0.0100528302630276,0.00809925710492207,0.0113566313534739
famp5,750,Hellinger,kzz,0.0503472438609984,0.0379354858109657,0.0646116128030405,0.0123912176603858,0.0109136617450829,0.0124012605027441
famp5,750,Wasserstein,kxx,0.042806518417628,0.0264402268362321,0.0707801411962387,0.00921800494848425,0.00796551502974451,0.00927729568518265
famp5,750,Wasserstein,kyy,0.0506127622614394,0.0294543406605171,0.0826469467381738,0.0163907905561586,0.00596177952102211,0.0165706718609889
famp5,750,Wasserstein,kzz,0.0320030528063421,0.0220309127412994,0.0726030959923279,0.00936264237104143,0.00640365278566259,0.0110653880414705
famp5,1000,MAE,kxx,0.00312708333333333,0.00216041666666667,0.00372083333333333,0.000820833333333334,0.000666666666666666,0.000933333333333335
famp5,1000,MAE,kyy,0.00317916666666667,0.00234791666666667,0.00473541666666667,0.000891666666666668,0.0004375,0.000941666666666667
famp5,1000,MAE,kzz,0.00264791666666667,0.00193333333333333,0.003575,0.000687500000000001,0.000599999999999999,0.000883333333333332
famp5,1000,Hellinger,kxx,0.0400098167484761,0.0336962608927281,0.0479941465563034,0.00948897446287664,0.00887472341505985,0.00993784270818745
famp5,1000,Hellinger,kyy,0.0469009346727793,0.0366664666188916,0.0550272330068214,0.0100528302630276,0.00809925710492207,0.0113566313534739
famp5,1000,Hellinger,kzz,0.0484509012253113,0.0358581747026873,0.0545356334312465,0.0123912176603858,0.0109136617450829,0.0124012605027441
famp5,1000,Wasserstein,kxx,0.0367508498682413,0.0253389304369415,0.051537067749612,0.00921800494848425,0.00796551502974451,0.00927729568518265
famp5,1000,Wasserstein,kyy,0.0434314924891321,0.025534981685924,0.0831807713046767,0.0163907905561586,0.00596177952102211,0.0165706718609889
famp5,1000,Wasserstein,kzz,0.0333687308896023,0.0190506012741728,0.0483209249205113,0.00936264237104143,0.00640365278566259,0.0110653880414705
famp5,1500,MAE,kxx,0.0026,0.00201527777777778,0.00367361111111111,0.000820833333333334,0.000666666666666666,0.000933333333333335
famp5,1500,MAE,kyy,0.00240277777777778,0.00199583333333333,0.00326736111111111,0.000891666666666668,0.0004375,0.000941666666666667
famp5,1500,MAE,kzz,0.00222569444444445,0.00171527777777778,0.00309930555555556,0.000687500000000001,0.000599999999999999,0.000883333333333332
famp5,1500,Hellinger,kxx,0.0362258347355192,0.0291305790628403,0.0470931963228971,0.00948897446287664,0.00887472341505985,0.00993784270818745
famp5,1500,Hellinger,kyy,0.0363238755645336,0.0292751084663204,0.0439519973747944,0.0100528302630276,0.00809925710492207,0.0113566313534739
famp5,1500,Hellinger,kzz,0.0412498929272211,0.0318346139217906,0.0492322919598812,0.0123912176603858,0.0109136617450829,0.0124012605027441
famp5,1500,Wasserstein,kxx,0.029199951460671,0.0184202629582707,0.0482372631727291,0.00921800494848425,0.00796551502974451,0.00927729568518265
famp5,1500,Wasserstein,kyy,0.0340167391013352,0.0195897138483642,0.0607451104237948,0.0163907905561586,0.00596177952102211,0.0165706718609889
famp5,1500,Wasserstein,kzz,0.03358151222258,0.015574267454,0.0522100086569679,0.00936264237104143,0.00640365278566259,0.0110653880414705
famp5,2000,MAE,kxx,0.00233541666666667,0.00157916666666667,0.00286875,0.000820833333333334,0.000666666666666666,0.000933333333333335
famp5,2000,MAE,kyy,0.00221875,0.00152916666666667,0.00304791666666667,0.000891666666666668,0.0004375,0.000941666666666667
famp5,2000,MAE,kzz,0.00189583333333333,0.0012875,0.0026,0.000687500000000001,0.000599999999999999,0.000883333333333332
famp5,2000,Hellinger,kxx,0.0304197432622092,0.0228680357769973,0.0373621674271408,0.00948897446287664,0.00887472341505985,0.00993784270818745
famp5,2000,Hellinger,kyy,0.0296524516653527,0.0250224694587651,0.0369015441952008,0.0100528302630276,0.00809925710492207,0.0113566313534739
famp5,2000,Hellinger,kzz,0.0327477293072636,0.022445687973513,0.0400111411769796,0.0123912176603858,0.0109136617450829,0.0124012605027441
famp5,2000,Wasserstein,kxx,0.0201225316065498,0.0142576669751172,0.0317082187146988,0.00921800494848425,0.00796551502974451,0.00927729568518265
famp5,2000,Wasserstein,kyy,0.0251532134955939,0.0172233273489943,0.0546202329650233,0.0163907905561586,0.00596177952102211,0.0165706718609889
famp5,2000,Wasserstein,kzz,0.024059808651428,0.0148670601585564,0.0388531850938419,0.00936264237104143,0.00640365278566259,0.0110653880414705
famp6,20,MAE,kxx,0.0204208333333333,0.0164,0.0254604166666667,0.000958333333333332,0.000716666666666665,0.00126666666666667
famp6,20,MAE,kyy,0.0151479166666667,0.01035625,0.02258125,0.000637499999999998,0.000525,0.000754166666666666
famp6,20,MAE,kzz,0.0182916666666667,0.01076875,0.02285,0.00105833333333333,0.000779166666666666,0.00146666666666667
famp6,20,Hellinger,kxx,0.300479501543078,0.233259596256987,0.363487659002931,0.010540003098765,0.0102104914896243,0.0155458546595757
famp6,20,Hellinger,kyy,0.227580653233477,0.128983799814793,0.311000308163193,0.00737488268166652,0.00722129980194196,0.00883041565388499
famp6,20,Hellinger,kzz,0.280166946091829,0.203612877084859,0.348674661839273,0.0147822876680006,0.0112777889324976,0.0168452483062499
famp6,20,Wasserstein,kxx,0.228969080107505,0.148376079895054,0.389531758716056,0.0211235847234188,0.00880497867413632,0.0222271054832395
famp6,20,Wasserstein,kyy,0.128954320646834,0.0803911937023191,0.20729397577846,0.00528385062717225,0.00436957981351354,0.00697353663699057
famp6,20,Wasserstein,kzz,0.227462376204498,0.112684525097984,0.386492672917074,0.0162160018266754,0.00925678142762056,0.0183122598895197
famp6,50,MAE,kxx,0.0142395833333333,0.00975416666666667,0.0198958333333333,0.000958333333333332,0.000716666666666665,0.00126666666666667
famp6,50,MAE,kyy,0.00937916666666667,0.00439166666666667,0.0133791666666667,0.000637499999999998,0.000525,0.000754166666666666
famp6,50,MAE,kzz,0.01105625,0.0069625,0.0201625,0.00105833333333333,0.000779166666666666,0.00146666666666667
famp6,50,Hellinger,kxx,0.206670149938797,0.15339847387379,0.244158566421429,0.010540003098765,0.0102104914896243,0.0155458546595757
famp6,50,Hellinger,kyy,0.110097506256425,0.0797896408331379,0.165356035318441,0.00737488268166652,0.00722129980194196,0.00883041565388499
famp6,50,Hellinger,kzz,0.198760962510371,0.140509073288682,0.271771262848514,0.0147822876680006,0.0112777889324976,0.0168452483062499
famp6,50,Wasserstein,kxx,0.146897734630936,0.101445840112311,0.35551092610685,0.0211235847234188,0.00880497867413632,0.0222271054832395
famp6,50,Wasserstein,kyy,0.0757312167784409,0.0470635392701831,0.128488003302596,0.00528385062717225,0.00436957981351354,0.00697353663699057
famp6,50,Wasserstein,kzz,0.1502383706462,0.0874913530705188,0.291696096491837,0.0162160018266754,0.00925678142762056,0.0183122598895197
famp6,100,MAE,kxx,0.00903958333333333,0.00754375,0.0129479166666667,0.000958333333333332,0.000716666666666665,0.00126666666666667
famp6,100,MAE,kyy,0.00643125,0.0032625,0.00978541666666667,0.000637499999999998,0.000525,0.000754166666666666
famp6,100,MAE,kzz,0.00972083333333333,0.00566666666666667,0.01250625,0.00105833333333333,0.000779166666666666,0.00146666666666667
famp6,100,Hellinger,kxx,0.147294397201356,0.0956285612064861,0.183099294049409,0.010540003098765,0.0102104914896243,0.0155458546595757
famp6,100,Hellinger,kyy,0.0898922731216874,0.062583793854674,0.120746425928659,0.00737488268166652,0.00722129980194196,0.00883041565388499
famp6,100,Hellinger,kzz,0.136099918357774,0.112254384803929,0.169736451281882,0.0147822876680006,0.0112777889324976,0.0168452483062499
famp6,100,Wasserstein,kxx,0.154867641577,0.074926747885932,0.273820492920075,0.0211235847234188,0.00880497867413632,0.0222271054832395
famp6,100,Wasserstein,kyy,0.0456825311243818,0.0318406814694798,0.0882071691855872,0.00528385062717225,0.00436957981351354,0.00697353663699057
famp6,100,Wasserstein,kzz,0.12402851642008,0.0775659018323208,0.177478019110685,0.0162160018266754,0.00925678142762056,0.0183122598895197
famp6,200,MAE,kxx,0.00686041666666667,0.0047625,0.00901875,0.000958333333333332,0.000716666666666665,0.00126666666666667
famp6,200,MAE,kyy,0.004375,0.00302708333333333,0.00737708333333333,0.000637499999999998,0.000525,0.000754166666666666
famp6,200,MAE,kzz,0.00562916666666667,0.00395625,0.00790416666666667,0.00105833333333333,0.000779166666666666,0.00146666666666667
famp6,200,Hellinger,kxx,0.0853803460431394,0.0650168695569036,0.115302594744685,0.010540003098765,0.0102104914896243,0.0155458546595757
famp6,200,Hellinger,kyy,0.0584671891730661,0.0479985356186107,0.0913244429548407,0.00737488268166652,0.00722129980194196,0.00883041565388499
famp6,200,Hellinger,kzz,0.096873892662328,0.0794774400508299,0.116050708535509,0.0147822876680006,0.0112777889324976,0.0168452483062499
famp6,200,Wasserstein,kxx,0.0804128903198402,0.0450316119677133,0.152160021044755,0.0211235847234188,0.00880497867413632,0.0222271054832395
famp6,200,Wasserstein,kyy,0.034177475399102,0.0250372478020332,0.058413107271004,0.00528385062717225,0.00436957981351354,0.00697353663699057
famp6,200,Wasserstein,kzz,0.0836237669158147,0.0528165453159323,0.134217744616351,0.0162160018266754,0.00925678142762056,0.0183122598895197
famp6,300,MAE,kxx,0.00530763888888889,0.00353888888888889,0.00730208333333333,0.000958333333333332,0.000716666666666665,0.00126666666666667
famp6,300,MAE,kyy,0.00373333333333333,0.00200555555555556,0.00589166666666667,0.000637499999999998,0.000525,0.000754166666666666
famp6,300,MAE,kzz,0.00494722222222222,0.00353680555555556,0.00705486111111111,0.00105833333333333,0.000779166666666666,0.00146666666666667
famp6,300,Hellinger,kxx,0.0716795668582118,0.0498122723055877,0.0872499409303067,0.010540003098765,0.0102104914896243,0.0155458546595757
famp6,300,Hellinger,kyy,0.0528966926923757,0.0386846626410912,0.0753394135388851,0.00737488268166652,0.00722129980194196,0.00883041565388499
famp6,300,Hellinger,kzz,0.0733168950976457,0.0543491552055663,0.097955780097489,0.0147822876680006,0.0112777889324976,0.0168452483062499
famp6,300,Wasserstein,kxx,0.0699676700815017,0.0350636381384963,0.1576961029265,0.0211235847234188,0.00880497867413632,0.0222271054832395
famp6,300,Wasserstein,kyy,0.028516449082209,0.0184638292982024,0.0464758200535761,0.00528385062717225,0.00436957981351354,0.00697353663699057
famp6,300,Wasserstein,kzz,0.0585602626067758,0.0428905747386284,0.112533974333427,0.0162160018266754,0.00925678142762056,0.0183122598895197
famp6,400,MAE,kxx,0.00493541666666667,0.00343125,0.00564375,0.000958333333333332,0.000716666666666665,0.00126666666666667
famp6,400,MAE,kyy,0.00311875,0.00225833333333333,0.00427083333333333,0.000637499999999998,0.000525,0.000754166666666666
famp6,400,MAE,kzz,0.00419791666666667,0.00282708333333333,0.0057875,0.00105833333333333,0.000779166666666666,0.00146666666666667
famp6,400,Hellinger,kxx,0.0587539625187249,0.0472760122684541,0.0758333689311271,0.010540003098765,0.0102104914896243,0.0155458546595757
famp6,400,Hellinger,kyy,0.0489022928294496,0.037793961933714,0.0641525612539888,0.00737488268166652,0.00722129980194196,0.00883041565388499
famp6,400,Hellinger,kzz,0.0692214517920275,0.0480777149541155,0.0948799461229446,0.0147822876680006,0.0112777889324976,0.0168452483062499
famp6,400,Wasserstein,kxx,0.0584874662421688,0.039510238898797,0.10019336681527,0.0211235847234188,0.00880497867413632,0.0222271054832395
famp6,400,Wasserstein,kyy,0.0262272969287207,0.015552591560401,0.0365919893260204,0.00528385062717225,0.00436957981351354,0.00697353663699057
famp6,400,Wasserstein,kzz,0.0541144203917483,0.0325947830104406,0.0922484618270285,0.0162160018266754,0.00925678142762056,0.0183122598895197
famp6,500,MAE,kxx,0.0040625,0.00275833333333333,0.00505833333333333,0.000958333333333332,0.000716666666666665,0.00126666666666667
famp6,500,MAE,kyy,0.00266041666666667,0.00187291666666667,0.00503958333333333,0.000637499999999998,0.000525,0.000754166666666666
famp6,500,MAE,kzz,0.00383958333333333,0.00286666666666667,0.00513125,0.00105833333333333,0.000779166666666666,0.00146666666666667
famp6,500,Hellinger,kxx,0.0511498989703265,0.0377633517729239,0.0650721230799835,0.010540003098765,0.0102104914896243,0.0155458546595757
famp6,500,Hellinger,kyy,0.0433744442866639,0.0302845143721318,0.0648145483245064,0.00737488268166652,0.00722129980194196,0.00883041565388499
famp6,500,Hellinger,kzz,0.0592681021376482,0.0456869472695,0.0745474170252014,0.0147822876680006,0.0112777889324976,0.0168452483062499
famp6,500,Wasserstein,kxx,0.046033704134433,0.0318061646373369,0.102401562962555,0.0211235847234188,0.00880497867413632,0.0222271054832395
famp6,500,Wasserstein,kyy,0.0255149371876128,0.0146090432578618,0.044699780330258,0.00528385062717225,0.00436957981351354,0.00697353663699057
famp6,500,Wasserstein,kzz,0.044571638494115,0.0315772388183021,0.0749560452152965,0.0162160018266754,0.00925678142762056,0.0183122598895197
famp6,750,MAE,kxx,0.00351319444444444,0.00245972222222222,0.00441458333333333,0.000958333333333332,0.000716666666666665,0.00126666666666667
famp6,750,MAE,kyy,0.00225277777777778,0.00162013888888889,0.00341597222222222,0.000637499999999998,0.000525,0.000754166666666666
famp6,750,MAE,kzz,0.002975,0.00216180555555555,0.00396111111111111,0.00105833333333333,0.000779166666666666,0.00146666666666667
famp6,750,Hellinger,kxx,0.0455026576022085,0.033824096835499,0.0575949309487301,0.010540003098765,0.0102104914896243,0.0155458546595757
famp6,750,Hellinger,kyy,0.0354845418865762,0.0260931617815933,0.0438943430168205,0.00737488268166652,0.00722129980194196,0.00883041565388499
famp6,750,Hellinger,kzz,0.0493123571984663,0.038956715596031,0.0607437705774838,0.0147822876680006,0.0112777889324976,0.0168452483062499
famp6,750,Wasserstein,kxx,0.0419875609636074,0.0282199180640729,0.0891108241667313,0.0211235847234188,0.00880497867413632,0.0222271054832395
famp6,750,Wasserstein,kyy,0.0199889312194404,0.013859692254149,0.0301419221702881,0.00528385062717225,0.00436957981351354,0.00697353663699057
famp6,750,Wasserstein,kzz,0.0385173490593252,0.022508329682134,0.0617860248492534,0.0162160018266754,0.00925678142762056,0.0183122598895197
famp6,1000,MAE,kxx,0.0031375,0.00210833333333333,0.004075,0.000958333333333332,0.000716666666666665,0.00126666666666667
famp6,1000,MAE,kyy,0.00204375,0.00126041666666667,0.00285416666666667,0.000637499999999998,0.000525,0.000754166666666666
famp6,1000,MAE,kzz,0.00276458333333333,0.00212708333333333,0.0041625,0.00105833333333333,0.000779166666666666,0.00146666666666667
famp6,1000,Hellinger,kxx,0.0384664929046741,0.0289523333157617,0.0490859261099789,0.010540003098765,0.0102104914896243,0.0155458546595757
famp6,1000,Hellinger,kyy,0.029587845652677,0.023299322794909,0.0379015139469445,0.00737488268166652,0.00722129980194196,0.00883041565388499
famp6,1000,Hellinger,kzz,0.046149238452241,0.0349886728169318,0.0530547014601236,0.0147822876680006,0.0112777889324976,0.0168452483062499
famp6,1000,Wasserstein,kxx,0.0522351677626175,0.0225095503775741,0.0923254442804163,0.0211235847234188,0.00880497867413632,0.0222271054832395
famp6,1000,Wasserstein,kyy,0.013782530222962,0.0110907744759194,0.0244141776496205,0.00528385062717225,0.00436957981351354,0.00697353663699057
famp6,1000,Wasserstein,kzz,0.0324284095928206,0.0201153549878139,0.0620188693893574,0.0162160018266754,0.00925678142762056,0.0183122598895197
famp6,1500,MAE,kxx,0.00245694444444444,0.00165833333333333,0.00306319444444444,0.000958333333333332,0.000716666666666665,0.00126666666666667
famp6,1500,MAE,kyy,0.00175069444444445,0.00121111111111111,0.00248611111111111,0.000637499999999998,0.000525,0.000754166666666666
famp6,1500,MAE,kzz,0.00245555555555556,0.00172083333333333,0.00316180555555556,0.00105833333333333,0.000779166666666666,0.00146666666666667
famp6,1500,Hellinger,kxx,0.03098864701222,0.0249481271205248,0.0380875454150307,0.010540003098765,0.0102104914896243,0.0155458546595757
famp6,1500,Hellinger,kyy,0.026109953468098,0.0173067851678732,0.0317718647504452,0.00737488268166652,0.00722129980194196,0.00883041565388499
famp6,1500,Hellinger,kzz,0.0375251272489411,0.0323560143477708,0.0489159578399575,0.0147822876680006,0.0112777889324976,0.0168452483062499
famp6,1500,Wasserstein,kxx,0.0274473439199874,0.0186062388509317,0.0542172372421195,0.0211235847234188,0.00880497867413632,0.0222271054832395
famp6,1500,Wasserstein,kyy,0.0119945297463302,0.00959855369184886,0.0207022184112059,0.00528385062717225,0.00436957981351354,0.00697353663699057
famp6,1500,Wasserstein,kzz,0.027845751746479,0.0181963019604696,0.0352327521459722,0.0162160018266754,0.00925678142762056,0.0183122598895197
famp6,2000,MAE,kxx,0.00198958333333334,0.00136041666666667,0.00313333333333333,0.000958333333333332,0.000716666666666665,0.00126666666666667
famp6,2000,MAE,kyy,0.0015375,0.00136666666666667,0.00230416666666667,0.000637499999999998,0.000525,0.000754166666666666
famp6,2000,MAE,kzz,0.00205416666666667,0.00148333333333333,0.00302083333333333,0.00105833333333333,0.000779166666666666,0.00146666666666667
famp6,2000,Hellinger,kxx,0.0300083501590636,0.0214285545586833,0.0367289826679223,0.010540003098765,0.0102104914896243,0.0155458546595757
famp6,2000,Hellinger,kyy,0.021768946033137,0.017014219756493,0.0329821598830249,0.00737488268166652,0.00722129980194196,0.00883041565388499
famp6,2000,Hellinger,kzz,0.0328629347838047,0.0265996388068123,0.0399775654514284,0.0147822876680006,0.0112777889324976,0.0168452483062499
famp6,2000,Wasserstein,kxx,0.0276316818695318,0.0163378489304882,0.0385246207493258,0.0211235847234188,0.00880497867413632,0.0222271054832395
famp6,2000,Wasserstein,kyy,0.0123534990161884,0.00870284224296997,0.0206309221739738,0.00528385062717225,0.00436957981351354,0.00697353663699057
famp6,2000,Wasserstein,kzz,0.0258385451221935,0.0163006718079248,0.0513216102762582,0.0162160018266754,0.00925678142762056,0.0183122598895197
