Window,EnsembleType,ReferenceId,Nsim,Repeat,TargetN,NumAttempts,NumRejected,AcceptanceRatio,SeedBase
famp1,Reference,1,NaN,NaN,20000,20000,0,1,101001729
famp1,Reference,2,NaN,NaN,20000,20000,0,1,102001729
famp1,Reference,3,NaN,NaN,20000,20000,0,1,103001729
famp1,SmallRun,NaN,20,1,20,20,0,1,201011729
famp1,SmallRun,NaN,20,2,20,20,0,1,201021729
famp1,SmallRun,NaN,20,3,20,20,0,1,201031729
famp1,SmallRun,NaN,20,4,20,20,0,1,201041729
famp1,SmallRun,NaN,20,5,20,20,0,1,201051729
famp1,SmallRun,NaN,20,6,20,20,0,1,201061729
famp1,SmallRun,NaN,20,7,20,20,0,1,201071729
famp1,SmallRun,NaN,20,8,20,20,0,1,201081729
famp1,SmallRun,NaN,20,9,20,20,0,1,201091729
famp1,SmallRun,NaN,20,10,20,20,0,1,201101729
famp1,SmallRun,NaN,20,11,20,20,0,1,201111729
famp1,SmallRun,NaN,20,12,20,20,0,1,201121729
famp1,SmallRun,NaN,20,13,20,20,0,1,201131729
famp1,SmallRun,NaN,20,14,20,20,0,1,201141729
famp1,SmallRun,NaN,20,15,20,20,0,1,201151729
famp1,SmallRun,NaN,20,16,20,20,0,1,201161729
famp1,SmallRun,NaN,20,17,20,20,0,1,201171729
famp1,SmallRun,NaN,20,18,20,20,0,1,201181729
famp1,SmallRun,NaN,20,19,20,20,0,1,201191729
famp1,SmallRun,NaN,20,20,20,20,0,1,201201729
famp1,SmallRun,NaN,20,21,20,20,0,1,201211729
famp1,SmallRun,NaN,20,22,20,20,0,1,201221729
famp1,SmallRun,NaN,20,23,20,20,0,1,201231729
famp1,SmallRun,NaN,20,24,20,20,0,1,201241729
famp1,SmallRun,NaN,20,25,20,20,0,1,201251729
famp1,SmallRun,NaN,20,26,20,20,0,1,201261729
famp1,SmallRun,NaN,20,27,20,20,0,1,201271729
famp1,SmallRun,NaN,20,28,20,20,0,1,201281729
famp1,SmallRun,NaN,20,29,20,20,0,1,201291729
famp1,SmallRun,NaN,20,30,20,20,0,1,201301729
famp1,SmallRun,NaN,50,1,50,50,0,1,202011729
famp1,SmallRun,NaN,50,2,50,50,0,1,202021729
famp1,SmallRun,NaN,50,3,50,50,0,1,202031729
famp1,SmallRun,NaN,50,4,50,50,0,1,202041729
famp1,SmallRun,NaN,50,5,50,50,0,1,202051729
famp1,SmallRun,NaN,50,6,50,50,0,1,202061729
famp1,SmallRun,NaN,50,7,50,50,0,1,202071729
famp1,SmallRun,NaN,50,8,50,50,0,1,202081729
famp1,SmallRun,NaN,50,9,50,50,0,1,202091729
famp1,SmallRun,NaN,50,10,50,50,0,1,202101729
famp1,SmallRun,NaN,50,11,50,50,0,1,202111729
famp1,SmallRun,NaN,50,12,50,50,0,1,202121729
famp1,SmallRun,NaN,50,13,50,50,0,1,202131729
famp1,SmallRun,NaN,50,14,50,50,0,1,202141729
famp1,SmallRun,NaN,50,15,50,50,0,1,202151729
famp1,SmallRun,NaN,50,16,50,50,0,1,202161729
famp1,SmallRun,NaN,50,17,50,50,0,1,202171729
famp1,SmallRun,NaN,50,18,50,50,0,1,202181729
famp1,SmallRun,NaN,50,19,50,50,0,1,202191729
famp1,SmallRun,NaN,50,20,50,50,0,1,202201729
famp1,SmallRun,NaN,50,21,50,50,0,1,202211729
famp1,SmallRun,NaN,50,22,50,50,0,1,202221729
famp1,SmallRun,NaN,50,23,50,50,0,1,202231729
famp1,SmallRun,NaN,50,24,50,50,0,1,202241729
famp1,SmallRun,NaN,50,25,50,50,0,1,202251729
famp1,SmallRun,NaN,50,26,50,50,0,1,202261729
famp1,SmallRun,NaN,50,27,50,50,0,1,202271729
famp1,SmallRun,NaN,50,28,50,50,0,1,202281729
famp1,SmallRun,NaN,50,29,50,50,0,1,202291729
famp1,SmallRun,NaN,50,30,50,50,0,1,202301729
famp1,SmallRun,NaN,100,1,100,100,0,1,203011729
famp1,SmallRun,NaN,100,2,100,100,0,1,203021729
famp1,SmallRun,NaN,100,3,100,100,0,1,203031729
famp1,SmallRun,NaN,100,4,100,100,0,1,203041729
famp1,SmallRun,NaN,100,5,100,100,0,1,203051729
famp1,SmallRun,NaN,100,6,100,100,0,1,203061729
famp1,SmallRun,NaN,100,7,100,100,0,1,203071729
famp1,SmallRun,NaN,100,8,100,100,0,1,203081729
famp1,SmallRun,NaN,100,9,100,100,0,1,203091729
famp1,SmallRun,NaN,100,10,100,100,0,1,203101729
famp1,SmallRun,NaN,100,11,100,100,0,1,203111729
famp1,SmallRun,NaN,100,12,100,100,0,1,203121729
famp1,SmallRun,NaN,100,13,100,100,0,1,203131729
famp1,SmallRun,NaN,100,14,100,100,0,1,203141729
famp1,SmallRun,NaN,100,15,100,100,0,1,203151729
famp1,SmallRun,NaN,100,16,100,100,0,1,203161729
famp1,SmallRun,NaN,100,17,100,100,0,1,203171729
famp1,SmallRun,NaN,100,18,100,100,0,1,203181729
famp1,SmallRun,NaN,100,19,100,100,0,1,203191729
famp1,SmallRun,NaN,100,20,100,100,0,1,203201729
famp1,SmallRun,NaN,100,21,100,100,0,1,203211729
famp1,SmallRun,NaN,100,22,100,100,0,1,203221729
famp1,SmallRun,NaN,100,23,100,100,0,1,203231729
famp1,SmallRun,NaN,100,24,100,100,0,1,203241729
famp1,SmallRun,NaN,100,25,100,100,0,1,203251729
famp1,SmallRun,NaN,100,26,100,100,0,1,203261729
famp1,SmallRun,NaN,100,27,100,100,0,1,203271729
famp1,SmallRun,NaN,100,28,100,100,0,1,203281729
famp1,SmallRun,NaN,100,29,100,100,0,1,203291729
famp1,SmallRun,NaN,100,30,100,100,0,1,203301729
famp1,SmallRun,NaN,200,1,200,200,0,1,204011729
famp1,SmallRun,NaN,200,2,200,200,0,1,204021729
famp1,SmallRun,NaN,200,3,200,200,0,1,204031729
famp1,SmallRun,NaN,200,4,200,200,0,1,204041729
famp1,SmallRun,NaN,200,5,200,200,0,1,204051729
famp1,SmallRun,NaN,200,6,200,200,0,1,204061729
famp1,SmallRun,NaN,200,7,200,200,0,1,204071729
famp1,SmallRun,NaN,200,8,200,200,0,1,204081729
famp1,SmallRun,NaN,200,9,200,200,0,1,204091729
famp1,SmallRun,NaN,200,10,200,200,0,1,204101729
famp1,SmallRun,NaN,200,11,200,200,0,1,204111729
famp1,SmallRun,NaN,200,12,200,200,0,1,204121729
famp1,SmallRun,NaN,200,13,200,200,0,1,204131729
famp1,SmallRun,NaN,200,14,200,200,0,1,204141729
famp1,SmallRun,NaN,200,15,200,200,0,1,204151729
famp1,SmallRun,NaN,200,16,200,200,0,1,204161729
famp1,SmallRun,NaN,200,17,200,200,0,1,204171729
famp1,SmallRun,NaN,200,18,200,200,0,1,204181729
famp1,SmallRun,NaN,200,19,200,200,0,1,204191729
famp1,SmallRun,NaN,200,20,200,200,0,1,204201729
famp1,SmallRun,NaN,200,21,200,200,0,1,204211729
famp1,SmallRun,NaN,200,22,200,200,0,1,204221729
famp1,SmallRun,NaN,200,23,200,200,0,1,204231729
famp1,SmallRun,NaN,200,24,200,200,0,1,204241729
famp1,SmallRun,NaN,200,25,200,200,0,1,204251729
famp1,SmallRun,NaN,200,26,200,200,0,1,204261729
famp1,SmallRun,NaN,200,27,200,200,0,1,204271729
famp1,SmallRun,NaN,200,28,200,200,0,1,204281729
famp1,SmallRun,NaN,200,29,200,200,0,1,204291729
famp1,SmallRun,NaN,200,30,200,200,0,1,204301729
famp1,SmallRun,NaN,300,1,300,300,0,1,205011729
famp1,SmallRun,NaN,300,2,300,300,0,1,205021729
famp1,SmallRun,NaN,300,3,300,300,0,1,205031729
famp1,SmallRun,NaN,300,4,300,300,0,1,205041729
famp1,SmallRun,NaN,300,5,300,300,0,1,205051729
famp1,SmallRun,NaN,300,6,300,300,0,1,205061729
famp1,SmallRun,NaN,300,7,300,300,0,1,205071729
famp1,SmallRun,NaN,300,8,300,300,0,1,205081729
famp1,SmallRun,NaN,300,9,300,300,0,1,205091729
famp1,SmallRun,NaN,300,10,300,300,0,1,205101729
famp1,SmallRun,NaN,300,11,300,300,0,1,205111729
famp1,SmallRun,NaN,300,12,300,300,0,1,205121729
famp1,SmallRun,NaN,300,13,300,300,0,1,205131729
famp1,SmallRun,NaN,300,14,300,300,0,1,205141729
famp1,SmallRun,NaN,300,15,300,300,0,1,205151729
famp1,SmallRun,NaN,300,16,300,300,0,1,205161729
famp1,SmallRun,NaN,300,17,300,300,0,1,205171729
famp1,SmallRun,NaN,300,18,300,300,0,1,205181729
famp1,SmallRun,NaN,300,19,300,300,0,1,205191729
famp1,SmallRun,NaN,300,20,300,300,0,1,205201729
famp1,SmallRun,NaN,300,21,300,300,0,1,205211729
famp1,SmallRun,NaN,300,22,300,300,0,1,205221729
famp1,SmallRun,NaN,300,23,300,300,0,1,205231729
famp1,SmallRun,NaN,300,24,300,300,0,1,205241729
famp1,SmallRun,NaN,300,25,300,300,0,1,205251729
famp1,SmallRun,NaN,300,26,300,300,0,1,205261729
famp1,SmallRun,NaN,300,27,300,300,0,1,205271729
famp1,SmallRun,NaN,300,28,300,300,0,1,205281729
famp1,SmallRun,NaN,300,29,300,300,0,1,205291729
famp1,SmallRun,NaN,300,30,300,300,0,1,205301729
famp1,SmallRun,NaN,400,1,400,400,0,1,206011729
famp1,SmallRun,NaN,400,2,400,400,0,1,206021729
famp1,SmallRun,NaN,400,3,400,400,0,1,206031729
famp1,SmallRun,NaN,400,4,400,400,0,1,206041729
famp1,SmallRun,NaN,400,5,400,400,0,1,206051729
famp1,SmallRun,NaN,400,6,400,400,0,1,206061729
famp1,SmallRun,NaN,400,7,400,400,0,1,206071729
famp1,SmallRun,NaN,400,8,400,400,0,1,206081729
famp1,SmallRun,NaN,400,9,400,400,0,1,206091729
famp1,SmallRun,NaN,400,10,400,400,0,1,206101729
famp1,SmallRun,NaN,400,11,400,400,0,1,206111729
famp1,SmallRun,NaN,400,12,400,400,0,1,206121729
famp1,SmallRun,NaN,400,13,400,400,0,1,206131729
famp1,SmallRun,NaN,400,14,400,400,0,1,206141729
famp1,SmallRun,NaN,400,15,400,400,0,1,206151729
famp1,SmallRun,NaN,400,16,400,400,0,1,206161729
famp1,SmallRun,NaN,400,17,400,400,0,1,206171729
famp1,SmallRun,NaN,400,18,400,400,0,1,206181729
famp1,SmallRun,NaN,400,19,400,400,0,1,206191729
famp1,SmallRun,NaN,400,20,400,400,0,1,206201729
famp1,SmallRun,NaN,400,21,400,400,0,1,206211729
famp1,SmallRun,NaN,400,22,400,400,0,1,206221729
famp1,SmallRun,NaN,400,23,400,400,0,1,206231729
famp1,SmallRun,NaN,400,24,400,400,0,1,206241729
famp1,SmallRun,NaN,400,25,400,400,0,1,206251729
famp1,SmallRun,NaN,400,26,400,400,0,1,206261729
famp1,SmallRun,NaN,400,27,400,400,0,1,206271729
famp1,SmallRun,NaN,400,28,400,400,0,1,206281729
famp1,SmallRun,NaN,400,29,400,400,0,1,206291729
famp1,SmallRun,NaN,400,30,400,400,0,1,206301729
famp1,SmallRun,NaN,500,1,500,500,0,1,207011729
famp1,SmallRun,NaN,500,2,500,500,0,1,207021729
famp1,SmallRun,NaN,500,3,500,500,0,1,207031729
famp1,SmallRun,NaN,500,4,500,500,0,1,207041729
famp1,SmallRun,NaN,500,5,500,500,0,1,207051729
famp1,SmallRun,NaN,500,6,500,500,0,1,207061729
famp1,SmallRun,NaN,500,7,500,500,0,1,207071729
famp1,SmallRun,NaN,500,8,500,500,0,1,207081729
famp1,SmallRun,NaN,500,9,500,500,0,1,207091729
famp1,SmallRun,NaN,500,10,500,500,0,1,207101729
famp1,SmallRun,NaN,500,11,500,500,0,1,207111729
famp1,SmallRun,NaN,500,12,500,500,0,1,207121729
famp1,SmallRun,NaN,500,13,500,500,0,1,207131729
famp1,SmallRun,NaN,500,14,500,500,0,1,207141729
famp1,SmallRun,NaN,500,15,500,500,0,1,207151729
famp1,SmallRun,NaN,500,16,500,500,0,1,207161729
famp1,SmallRun,NaN,500,17,500,500,0,1,207171729
famp1,SmallRun,NaN,500,18,500,500,0,1,207181729
famp1,SmallRun,NaN,500,19,500,500,0,1,207191729
famp1,SmallRun,NaN,500,20,500,500,0,1,207201729
famp1,SmallRun,NaN,500,21,500,500,0,1,207211729
famp1,SmallRun,NaN,500,22,500,500,0,1,207221729
famp1,SmallRun,NaN,500,23,500,500,0,1,207231729
famp1,SmallRun,NaN,500,24,500,500,0,1,207241729
famp1,SmallRun,NaN,500,25,500,500,0,1,207251729
famp1,SmallRun,NaN,500,26,500,500,0,1,207261729
famp1,SmallRun,NaN,500,27,500,500,0,1,207271729
famp1,SmallRun,NaN,500,28,500,500,0,1,207281729
famp1,SmallRun,NaN,500,29,500,500,0,1,207291729
famp1,SmallRun,NaN,500,30,500,500,0,1,207301729
famp1,SmallRun,NaN,750,1,750,750,0,1,208011729
famp1,SmallRun,NaN,750,2,750,750,0,1,208021729
famp1,SmallRun,NaN,750,3,750,750,0,1,208031729
famp1,SmallRun,NaN,750,4,750,750,0,1,208041729
famp1,SmallRun,NaN,750,5,750,750,0,1,208051729
famp1,SmallRun,NaN,750,6,750,750,0,1,208061729
famp1,SmallRun,NaN,750,7,750,750,0,1,208071729
famp1,SmallRun,NaN,750,8,750,750,0,1,208081729
famp1,SmallRun,NaN,750,9,750,750,0,1,208091729
famp1,SmallRun,NaN,750,10,750,750,0,1,208101729
famp1,SmallRun,NaN,750,11,750,750,0,1,208111729
famp1,SmallRun,NaN,750,12,750,750,0,1,208121729
famp1,SmallRun,NaN,750,13,750,750,0,1,208131729
famp1,SmallRun,NaN,750,14,750,750,0,1,208141729
famp1,SmallRun,NaN,750,15,750,750,0,1,208151729
famp1,SmallRun,NaN,750,16,750,750,0,1,208161729
famp1,SmallRun,NaN,750,17,750,750,0,1,208171729
famp1,SmallRun,NaN,750,18,750,750,0,1,208181729
famp1,SmallRun,NaN,750,19,750,750,0,1,208191729
famp1,SmallRun,NaN,750,20,750,750,0,1,208201729
famp1,SmallRun,NaN,750,21,750,750,0,1,208211729
famp1,SmallRun,NaN,750,22,750,750,0,1,208221729
famp1,SmallRun,NaN,750,23,750,750,0,1,208231729
famp1,SmallRun,NaN,750,24,750,750,0,1,208241729
famp1,SmallRun,NaN,750,25,750,750,0,1,208251729
famp1,SmallRun,NaN,750,26,750,750,0,1,208261729
famp1,SmallRun,NaN,750,27,750,750,0,1,208271729
famp1,SmallRun,NaN,750,28,750,750,0,1,208281729
famp1,SmallRun,NaN,750,29,750,750,0,1,208291729
famp1,SmallRun,NaN,750,30,750,750,0,1,208301729
famp1,SmallRun,NaN,1000,1,1000,1000,0,1,209011729
famp1,SmallRun,NaN,1000,2,1000,1000,0,1,209021729
famp1,SmallRun,NaN,1000,3,1000,1000,0,1,209031729
famp1,SmallRun,NaN,1000,4,1000,1000,0,1,209041729
famp1,SmallRun,NaN,1000,5,1000,1000,0,1,209051729
famp1,SmallRun,NaN,1000,6,1000,1000,0,1,209061729
famp1,SmallRun,NaN,1000,7,1000,1000,0,1,209071729
famp1,SmallRun,NaN,1000,8,1000,1000,0,1,209081729
famp1,SmallRun,NaN,1000,9,1000,1000,0,1,209091729
famp1,SmallRun,NaN,1000,10,1000,1000,0,1,209101729
famp1,SmallRun,NaN,1000,11,1000,1000,0,1,209111729
famp1,SmallRun,NaN,1000,12,1000,1000,0,1,209121729
famp1,SmallRun,NaN,1000,13,1000,1000,0,1,209131729
famp1,SmallRun,NaN,1000,14,1000,1000,0,1,209141729
famp1,SmallRun,NaN,1000,15,1000,1000,0,1,209151729
famp1,SmallRun,NaN,1000,16,1000,1000,0,1,209161729
famp1,SmallRun,NaN,1000,17,1000,1000,0,1,209171729
famp1,SmallRun,NaN,1000,18,1000,1000,0,1,209181729
famp1,SmallRun,NaN,1000,19,1000,1000,0,1,209191729
famp1,SmallRun,NaN,1000,20,1000,1000,0,1,209201729
famp1,SmallRun,NaN,1000,21,1000,1000,0,1,209211729
famp1,SmallRun,NaN,1000,22,1000,1000,0,1,209221729
famp1,SmallRun,NaN,1000,23,1000,1000,0,1,209231729
famp1,SmallRun,NaN,1000,24,1000,1000,0,1,209241729
famp1,SmallRun,NaN,1000,25,1000,1000,0,1,209251729
famp1,SmallRun,NaN,1000,26,1000,1000,0,1,209261729
famp1,SmallRun,NaN,1000,27,1000,1000,0,1,209271729
famp1,SmallRun,NaN,1000,28,1000,1000,0,1,209281729
famp1,SmallRun,NaN,1000,29,1000,1000,0,1,209291729
famp1,SmallRun,NaN,1000,30,1000,1000,0,1,209301729
famp1,SmallRun,NaN,1500,1,1500,1500,0,1,210011729
famp1,SmallRun,NaN,1500,2,1500,1500,0,1,210021729
famp1,SmallRun,NaN,1500,3,1500,1500,0,1,210031729
famp1,SmallRun,NaN,1500,4,1500,1500,0,1,210041729
famp1,SmallRun,NaN,1500,5,1500,1500,0,1,210051729
famp1,SmallRun,NaN,1500,6,1500,1500,0,1,210061729
famp1,SmallRun,NaN,1500,7,1500,1500,0,1,210071729
famp1,SmallRun,NaN,1500,8,1500,1500,0,1,210081729
famp1,SmallRun,NaN,1500,9,1500,1500,0,1,210091729
famp1,SmallRun,NaN,1500,10,1500,1500,0,1,210101729
famp1,SmallRun,NaN,1500,11,1500,1500,0,1,210111729
famp1,SmallRun,NaN,1500,12,1500,1500,0,1,210121729
famp1,SmallRun,NaN,1500,13,1500,1500,0,1,210131729
famp1,SmallRun,NaN,1500,14,1500,1500,0,1,210141729
famp1,SmallRun,NaN,1500,15,1500,1500,0,1,210151729
famp1,SmallRun,NaN,1500,16,1500,1500,0,1,210161729
famp1,SmallRun,NaN,1500,17,1500,1500,0,1,210171729
famp1,SmallRun,NaN,1500,18,1500,1500,0,1,210181729
famp1,SmallRun,NaN,1500,19,1500,1500,0,1,210191729
famp1,SmallRun,NaN,1500,20,1500,1500,0,1,210201729
famp1,SmallRun,NaN,1500,21,1500,1500,0,1,210211729
famp1,SmallRun,NaN,1500,22,1500,1500,0,1,210221729
famp1,SmallRun,NaN,1500,23,1500,1500,0,1,210231729
famp1,SmallRun,NaN,1500,24,1500,1500,0,1,210241729
famp1,SmallRun,NaN,1500,25,1500,1500,0,1,210251729
famp1,SmallRun,NaN,1500,26,1500,1500,0,1,210261729
famp1,SmallRun,NaN,1500,27,1500,1500,0,1,210271729
famp1,SmallRun,NaN,1500,28,1500,1500,0,1,210281729
famp1,SmallRun,NaN,1500,29,1500,1500,0,1,210291729
famp1,SmallRun,NaN,1500,30,1500,1500,0,1,210301729
famp1,SmallRun,NaN,2000,1,2000,2000,0,1,211011729
famp1,SmallRun,NaN,2000,2,2000,2000,0,1,211021729
famp1,SmallRun,NaN,2000,3,2000,2000,0,1,211031729
famp1,SmallRun,NaN,2000,4,2000,2000,0,1,211041729
famp1,SmallRun,NaN,2000,5,2000,2000,0,1,211051729
famp1,SmallRun,NaN,2000,6,2000,2000,0,1,211061729
famp1,SmallRun,NaN,2000,7,2000,2000,0,1,211071729
famp1,SmallRun,NaN,2000,8,2000,2000,0,1,211081729
famp1,SmallRun,NaN,2000,9,2000,2000,0,1,211091729
famp1,SmallRun,NaN,2000,10,2000,2000,0,1,211101729
famp1,SmallRun,NaN,2000,11,2000,2000,0,1,211111729
famp1,SmallRun,NaN,2000,12,2000,2000,0,1,211121729
famp1,SmallRun,NaN,2000,13,2000,2000,0,1,211131729
famp1,SmallRun,NaN,2000,14,2000,2000,0,1,211141729
famp1,SmallRun,NaN,2000,15,2000,2000,0,1,211151729
famp1,SmallRun,NaN,2000,16,2000,2000,0,1,211161729
famp1,SmallRun,NaN,2000,17,2000,2000,0,1,211171729
famp1,SmallRun,NaN,2000,18,2000,2000,0,1,211181729
famp1,SmallRun,NaN,2000,19,2000,2000,0,1,211191729
famp1,SmallRun,NaN,2000,20,2000,2000,0,1,211201729
famp1,SmallRun,NaN,2000,21,2000,2000,0,1,211211729
famp1,SmallRun,NaN,2000,22,2000,2000,0,1,211221729
famp1,SmallRun,NaN,2000,23,2000,2000,0,1,211231729
famp1,SmallRun,NaN,2000,24,2000,2000,0,1,211241729
famp1,SmallRun,NaN,2000,25,2000,2000,0,1,211251729
famp1,SmallRun,NaN,2000,26,2000,2000,0,1,211261729
famp1,SmallRun,NaN,2000,27,2000,2000,0,1,211271729
famp1,SmallRun,NaN,2000,28,2000,2000,0,1,211281729
famp1,SmallRun,NaN,2000,29,2000,2000,0,1,211291729
famp1,SmallRun,NaN,2000,30,2000,2000,0,1,211301729
famp2,Reference,1,NaN,NaN,20000,20000,0,1,201001729
famp2,Reference,2,NaN,NaN,20000,20000,0,1,202001729
famp2,Reference,3,NaN,NaN,20000,20000,0,1,203001729
famp2,SmallRun,NaN,20,1,20,20,0,1,301011729
famp2,SmallRun,NaN,20,2,20,20,0,1,301021729
famp2,SmallRun,NaN,20,3,20,20,0,1,301031729
famp2,SmallRun,NaN,20,4,20,20,0,1,301041729
famp2,SmallRun,NaN,20,5,20,20,0,1,301051729
famp2,SmallRun,NaN,20,6,20,20,0,1,301061729
famp2,SmallRun,NaN,20,7,20,20,0,1,301071729
famp2,SmallRun,NaN,20,8,20,20,0,1,301081729
famp2,SmallRun,NaN,20,9,20,20,0,1,301091729
famp2,SmallRun,NaN,20,10,20,20,0,1,301101729
famp2,SmallRun,NaN,20,11,20,20,0,1,301111729
famp2,SmallRun,NaN,20,12,20,20,0,1,301121729
famp2,SmallRun,NaN,20,13,20,20,0,1,301131729
famp2,SmallRun,NaN,20,14,20,20,0,1,301141729
famp2,SmallRun,NaN,20,15,20,20,0,1,301151729
famp2,SmallRun,NaN,20,16,20,20,0,1,301161729
famp2,SmallRun,NaN,20,17,20,20,0,1,301171729
famp2,SmallRun,NaN,20,18,20,20,0,1,301181729
famp2,SmallRun,NaN,20,19,20,20,0,1,301191729
famp2,SmallRun,NaN,20,20,20,20,0,1,301201729
famp2,SmallRun,NaN,20,21,20,20,0,1,301211729
famp2,SmallRun,NaN,20,22,20,20,0,1,301221729
famp2,SmallRun,NaN,20,23,20,20,0,1,301231729
famp2,SmallRun,NaN,20,24,20,20,0,1,301241729
famp2,SmallRun,NaN,20,25,20,20,0,1,301251729
famp2,SmallRun,NaN,20,26,20,20,0,1,301261729
famp2,SmallRun,NaN,20,27,20,20,0,1,301271729
famp2,SmallRun,NaN,20,28,20,20,0,1,301281729
famp2,SmallRun,NaN,20,29,20,20,0,1,301291729
famp2,SmallRun,NaN,20,30,20,20,0,1,301301729
famp2,SmallRun,NaN,50,1,50,50,0,1,302011729
famp2,SmallRun,NaN,50,2,50,50,0,1,302021729
famp2,SmallRun,NaN,50,3,50,50,0,1,302031729
famp2,SmallRun,NaN,50,4,50,50,0,1,302041729
famp2,SmallRun,NaN,50,5,50,50,0,1,302051729
famp2,SmallRun,NaN,50,6,50,50,0,1,302061729
famp2,SmallRun,NaN,50,7,50,50,0,1,302071729
famp2,SmallRun,NaN,50,8,50,50,0,1,302081729
famp2,SmallRun,NaN,50,9,50,50,0,1,302091729
famp2,SmallRun,NaN,50,10,50,50,0,1,302101729
famp2,SmallRun,NaN,50,11,50,50,0,1,302111729
famp2,SmallRun,NaN,50,12,50,50,0,1,302121729
famp2,SmallRun,NaN,50,13,50,50,0,1,302131729
famp2,SmallRun,NaN,50,14,50,50,0,1,302141729
famp2,SmallRun,NaN,50,15,50,50,0,1,302151729
famp2,SmallRun,NaN,50,16,50,50,0,1,302161729
famp2,SmallRun,NaN,50,17,50,50,0,1,302171729
famp2,SmallRun,NaN,50,18,50,50,0,1,302181729
famp2,SmallRun,NaN,50,19,50,50,0,1,302191729
famp2,SmallRun,NaN,50,20,50,50,0,1,302201729
famp2,SmallRun,NaN,50,21,50,50,0,1,302211729
famp2,SmallRun,NaN,50,22,50,50,0,1,302221729
famp2,SmallRun,NaN,50,23,50,50,0,1,302231729
famp2,SmallRun,NaN,50,24,50,50,0,1,302241729
famp2,SmallRun,NaN,50,25,50,50,0,1,302251729
famp2,SmallRun,NaN,50,26,50,50,0,1,302261729
famp2,SmallRun,NaN,50,27,50,50,0,1,302271729
famp2,SmallRun,NaN,50,28,50,50,0,1,302281729
famp2,SmallRun,NaN,50,29,50,50,0,1,302291729
famp2,SmallRun,NaN,50,30,50,50,0,1,302301729
famp2,SmallRun,NaN,100,1,100,100,0,1,303011729
famp2,SmallRun,NaN,100,2,100,100,0,1,303021729
famp2,SmallRun,NaN,100,3,100,100,0,1,303031729
famp2,SmallRun,NaN,100,4,100,100,0,1,303041729
famp2,SmallRun,NaN,100,5,100,100,0,1,303051729
famp2,SmallRun,NaN,100,6,100,100,0,1,303061729
famp2,SmallRun,NaN,100,7,100,100,0,1,303071729
famp2,SmallRun,NaN,100,8,100,100,0,1,303081729
famp2,SmallRun,NaN,100,9,100,100,0,1,303091729
famp2,SmallRun,NaN,100,10,100,100,0,1,303101729
famp2,SmallRun,NaN,100,11,100,100,0,1,303111729
famp2,SmallRun,NaN,100,12,100,100,0,1,303121729
famp2,SmallRun,NaN,100,13,100,100,0,1,303131729
famp2,SmallRun,NaN,100,14,100,100,0,1,303141729
famp2,SmallRun,NaN,100,15,100,100,0,1,303151729
famp2,SmallRun,NaN,100,16,100,100,0,1,303161729
famp2,SmallRun,NaN,100,17,100,100,0,1,303171729
famp2,SmallRun,NaN,100,18,100,100,0,1,303181729
famp2,SmallRun,NaN,100,19,100,100,0,1,303191729
famp2,SmallRun,NaN,100,20,100,100,0,1,303201729
famp2,SmallRun,NaN,100,21,100,100,0,1,303211729
famp2,SmallRun,NaN,100,22,100,100,0,1,303221729
famp2,SmallRun,NaN,100,23,100,100,0,1,303231729
famp2,SmallRun,NaN,100,24,100,100,0,1,303241729
famp2,SmallRun,NaN,100,25,100,100,0,1,303251729
famp2,SmallRun,NaN,100,26,100,100,0,1,303261729
famp2,SmallRun,NaN,100,27,100,100,0,1,303271729
famp2,SmallRun,NaN,100,28,100,100,0,1,303281729
famp2,SmallRun,NaN,100,29,100,100,0,1,303291729
famp2,SmallRun,NaN,100,30,100,100,0,1,303301729
famp2,SmallRun,NaN,200,1,200,200,0,1,304011729
famp2,SmallRun,NaN,200,2,200,200,0,1,304021729
famp2,SmallRun,NaN,200,3,200,200,0,1,304031729
famp2,SmallRun,NaN,200,4,200,200,0,1,304041729
famp2,SmallRun,NaN,200,5,200,200,0,1,304051729
famp2,SmallRun,NaN,200,6,200,200,0,1,304061729
famp2,SmallRun,NaN,200,7,200,200,0,1,304071729
famp2,SmallRun,NaN,200,8,200,200,0,1,304081729
famp2,SmallRun,NaN,200,9,200,200,0,1,304091729
famp2,SmallRun,NaN,200,10,200,200,0,1,304101729
famp2,SmallRun,NaN,200,11,200,200,0,1,304111729
famp2,SmallRun,NaN,200,12,200,200,0,1,304121729
famp2,SmallRun,NaN,200,13,200,200,0,1,304131729
famp2,SmallRun,NaN,200,14,200,200,0,1,304141729
famp2,SmallRun,NaN,200,15,200,200,0,1,304151729
famp2,SmallRun,NaN,200,16,200,200,0,1,304161729
famp2,SmallRun,NaN,200,17,200,200,0,1,304171729
famp2,SmallRun,NaN,200,18,200,200,0,1,304181729
famp2,SmallRun,NaN,200,19,200,200,0,1,304191729
famp2,SmallRun,NaN,200,20,200,200,0,1,304201729
famp2,SmallRun,NaN,200,21,200,200,0,1,304211729
famp2,SmallRun,NaN,200,22,200,200,0,1,304221729
famp2,SmallRun,NaN,200,23,200,200,0,1,304231729
famp2,SmallRun,NaN,200,24,200,200,0,1,304241729
famp2,SmallRun,NaN,200,25,200,200,0,1,304251729
famp2,SmallRun,NaN,200,26,200,200,0,1,304261729
famp2,SmallRun,NaN,200,27,200,200,0,1,304271729
famp2,SmallRun,NaN,200,28,200,200,0,1,304281729
famp2,SmallRun,NaN,200,29,200,200,0,1,304291729
famp2,SmallRun,NaN,200,30,200,200,0,1,304301729
famp2,SmallRun,NaN,300,1,300,300,0,1,305011729
famp2,SmallRun,NaN,300,2,300,300,0,1,305021729
famp2,SmallRun,NaN,300,3,300,300,0,1,305031729
famp2,SmallRun,NaN,300,4,300,300,0,1,305041729
famp2,SmallRun,NaN,300,5,300,300,0,1,305051729
famp2,SmallRun,NaN,300,6,300,300,0,1,305061729
famp2,SmallRun,NaN,300,7,300,300,0,1,305071729
famp2,SmallRun,NaN,300,8,300,300,0,1,305081729
famp2,SmallRun,NaN,300,9,300,300,0,1,305091729
famp2,SmallRun,NaN,300,10,300,300,0,1,305101729
famp2,SmallRun,NaN,300,11,300,300,0,1,305111729
famp2,SmallRun,NaN,300,12,300,300,0,1,305121729
famp2,SmallRun,NaN,300,13,300,300,0,1,305131729
famp2,SmallRun,NaN,300,14,300,300,0,1,305141729
famp2,SmallRun,NaN,300,15,300,300,0,1,305151729
famp2,SmallRun,NaN,300,16,300,300,0,1,305161729
famp2,SmallRun,NaN,300,17,300,300,0,1,305171729
famp2,SmallRun,NaN,300,18,300,300,0,1,305181729
famp2,SmallRun,NaN,300,19,300,300,0,1,305191729
famp2,SmallRun,NaN,300,20,300,300,0,1,305201729
famp2,SmallRun,NaN,300,21,300,300,0,1,305211729
famp2,SmallRun,NaN,300,22,300,300,0,1,305221729
famp2,SmallRun,NaN,300,23,300,300,0,1,305231729
famp2,SmallRun,NaN,300,24,300,300,0,1,305241729
famp2,SmallRun,NaN,300,25,300,300,0,1,305251729
famp2,SmallRun,NaN,300,26,300,300,0,1,305261729
famp2,SmallRun,NaN,300,27,300,300,0,1,305271729
famp2,SmallRun,NaN,300,28,300,300,0,1,305281729
famp2,SmallRun,NaN,300,29,300,300,0,1,305291729
famp2,SmallRun,NaN,300,30,300,300,0,1,305301729
famp2,SmallRun,NaN,400,1,400,400,0,1,306011729
famp2,SmallRun,NaN,400,2,400,400,0,1,306021729
famp2,SmallRun,NaN,400,3,400,400,0,1,306031729
famp2,SmallRun,NaN,400,4,400,400,0,1,306041729
famp2,SmallRun,NaN,400,5,400,400,0,1,306051729
famp2,SmallRun,NaN,400,6,400,400,0,1,306061729
famp2,SmallRun,NaN,400,7,400,400,0,1,306071729
famp2,SmallRun,NaN,400,8,400,400,0,1,306081729
famp2,SmallRun,NaN,400,9,400,400,0,1,306091729
famp2,SmallRun,NaN,400,10,400,400,0,1,306101729
famp2,SmallRun,NaN,400,11,400,400,0,1,306111729
famp2,SmallRun,NaN,400,12,400,400,0,1,306121729
famp2,SmallRun,NaN,400,13,400,400,0,1,306131729
famp2,SmallRun,NaN,400,14,400,400,0,1,306141729
famp2,SmallRun,NaN,400,15,400,400,0,1,306151729
famp2,SmallRun,NaN,400,16,400,400,0,1,306161729
famp2,SmallRun,NaN,400,17,400,400,0,1,306171729
famp2,SmallRun,NaN,400,18,400,400,0,1,306181729
famp2,SmallRun,NaN,400,19,400,400,0,1,306191729
famp2,SmallRun,NaN,400,20,400,400,0,1,306201729
famp2,SmallRun,NaN,400,21,400,400,0,1,306211729
famp2,SmallRun,NaN,400,22,400,400,0,1,306221729
famp2,SmallRun,NaN,400,23,400,400,0,1,306231729
famp2,SmallRun,NaN,400,24,400,400,0,1,306241729
famp2,SmallRun,NaN,400,25,400,400,0,1,306251729
famp2,SmallRun,NaN,400,26,400,400,0,1,306261729
famp2,SmallRun,NaN,400,27,400,400,0,1,306271729
famp2,SmallRun,NaN,400,28,400,400,0,1,306281729
famp2,SmallRun,NaN,400,29,400,400,0,1,306291729
famp2,SmallRun,NaN,400,30,400,400,0,1,306301729
famp2,SmallRun,NaN,500,1,500,500,0,1,307011729
famp2,SmallRun,NaN,500,2,500,500,0,1,307021729
famp2,SmallRun,NaN,500,3,500,500,0,1,307031729
famp2,SmallRun,NaN,500,4,500,500,0,1,307041729
famp2,SmallRun,NaN,500,5,500,500,0,1,307051729
famp2,SmallRun,NaN,500,6,500,500,0,1,307061729
famp2,SmallRun,NaN,500,7,500,500,0,1,307071729
famp2,SmallRun,NaN,500,8,500,500,0,1,307081729
famp2,SmallRun,NaN,500,9,500,500,0,1,307091729
famp2,SmallRun,NaN,500,10,500,500,0,1,307101729
famp2,SmallRun,NaN,500,11,500,500,0,1,307111729
famp2,SmallRun,NaN,500,12,500,500,0,1,307121729
famp2,SmallRun,NaN,500,13,500,500,0,1,307131729
famp2,SmallRun,NaN,500,14,500,500,0,1,307141729
famp2,SmallRun,NaN,500,15,500,500,0,1,307151729
famp2,SmallRun,NaN,500,16,500,500,0,1,307161729
famp2,SmallRun,NaN,500,17,500,500,0,1,307171729
famp2,SmallRun,NaN,500,18,500,500,0,1,307181729
famp2,SmallRun,NaN,500,19,500,500,0,1,307191729
famp2,SmallRun,NaN,500,20,500,500,0,1,307201729
famp2,SmallRun,NaN,500,21,500,500,0,1,307211729
famp2,SmallRun,NaN,500,22,500,500,0,1,307221729
famp2,SmallRun,NaN,500,23,500,500,0,1,307231729
famp2,SmallRun,NaN,500,24,500,500,0,1,307241729
famp2,SmallRun,NaN,500,25,500,500,0,1,307251729
famp2,SmallRun,NaN,500,26,500,500,0,1,307261729
famp2,SmallRun,NaN,500,27,500,500,0,1,307271729
famp2,SmallRun,NaN,500,28,500,500,0,1,307281729
famp2,SmallRun,NaN,500,29,500,500,0,1,307291729
famp2,SmallRun,NaN,500,30,500,500,0,1,307301729
famp2,SmallRun,NaN,750,1,750,750,0,1,308011729
famp2,SmallRun,NaN,750,2,750,750,0,1,308021729
famp2,SmallRun,NaN,750,3,750,750,0,1,308031729
famp2,SmallRun,NaN,750,4,750,750,0,1,308041729
famp2,SmallRun,NaN,750,5,750,750,0,1,308051729
famp2,SmallRun,NaN,750,6,750,750,0,1,308061729
famp2,SmallRun,NaN,750,7,750,750,0,1,308071729
famp2,SmallRun,NaN,750,8,750,750,0,1,308081729
famp2,SmallRun,NaN,750,9,750,750,0,1,308091729
famp2,SmallRun,NaN,750,10,750,750,0,1,308101729
famp2,SmallRun,NaN,750,11,750,750,0,1,308111729
famp2,SmallRun,NaN,750,12,750,750,0,1,308121729
famp2,SmallRun,NaN,750,13,750,750,0,1,308131729
famp2,SmallRun,NaN,750,14,750,750,0,1,308141729
famp2,SmallRun,NaN,750,15,750,750,0,1,308151729
famp2,SmallRun,NaN,750,16,750,750,0,1,308161729
famp2,SmallRun,NaN,750,17,750,750,0,1,308171729
famp2,SmallRun,NaN,750,18,750,750,0,1,308181729
famp2,SmallRun,NaN,750,19,750,750,0,1,308191729
famp2,SmallRun,NaN,750,20,750,750,0,1,308201729
famp2,SmallRun,NaN,750,21,750,750,0,1,308211729
famp2,SmallRun,NaN,750,22,750,750,0,1,308221729
famp2,SmallRun,NaN,750,23,750,750,0,1,308231729
famp2,SmallRun,NaN,750,24,750,750,0,1,308241729
famp2,SmallRun,NaN,750,25,750,750,0,1,308251729
famp2,SmallRun,NaN,750,26,750,750,0,1,308261729
famp2,SmallRun,NaN,750,27,750,750,0,1,308271729
famp2,SmallRun,NaN,750,28,750,750,0,1,308281729
famp2,SmallRun,NaN,750,29,750,750,0,1,308291729
famp2,SmallRun,NaN,750,30,750,750,0,1,308301729
famp2,SmallRun,NaN,1000,1,1000,1000,0,1,309011729
famp2,SmallRun,NaN,1000,2,1000,1000,0,1,309021729
famp2,SmallRun,NaN,1000,3,1000,1000,0,1,309031729
famp2,SmallRun,NaN,1000,4,1000,1000,0,1,309041729
famp2,SmallRun,NaN,1000,5,1000,1000,0,1,309051729
famp2,SmallRun,NaN,1000,6,1000,1000,0,1,309061729
famp2,SmallRun,NaN,1000,7,1000,1000,0,1,309071729
famp2,SmallRun,NaN,1000,8,1000,1000,0,1,309081729
famp2,SmallRun,NaN,1000,9,1000,1000,0,1,309091729
famp2,SmallRun,NaN,1000,10,1000,1000,0,1,309101729
famp2,SmallRun,NaN,1000,11,1000,1000,0,1,309111729
famp2,SmallRun,NaN,1000,12,1000,1000,0,1,309121729
famp2,SmallRun,NaN,1000,13,1000,1000,0,1,309131729
famp2,SmallRun,NaN,1000,14,1000,1000,0,1,309141729
famp2,SmallRun,NaN,1000,15,1000,1000,0,1,309151729
famp2,SmallRun,NaN,1000,16,1000,1000,0,1,309161729
famp2,SmallRun,NaN,1000,17,1000,1000,0,1,309171729
famp2,SmallRun,NaN,1000,18,1000,1000,0,1,309181729
famp2,SmallRun,NaN,1000,19,1000,1000,0,1,309191729
famp2,SmallRun,NaN,1000,20,1000,1000,0,1,309201729
famp2,SmallRun,NaN,1000,21,1000,1000,0,1,309211729
famp2,SmallRun,NaN,1000,22,1000,1000,0,1,309221729
famp2,SmallRun,NaN,1000,23,1000,1000,0,1,309231729
famp2,SmallRun,NaN,1000,24,1000,1000,0,1,309241729
famp2,SmallRun,NaN,1000,25,1000,1000,0,1,309251729
famp2,SmallRun,NaN,1000,26,1000,1000,0,1,309261729
famp2,SmallRun,NaN,1000,27,1000,1000,0,1,309271729
famp2,SmallRun,NaN,1000,28,1000,1000,0,1,309281729
famp2,SmallRun,NaN,1000,29,1000,1000,0,1,309291729
famp2,SmallRun,NaN,1000,30,1000,1000,0,1,309301729
famp2,SmallRun,NaN,1500,1,1500,1500,0,1,310011729
famp2,SmallRun,NaN,1500,2,1500,1500,0,1,310021729
famp2,SmallRun,NaN,1500,3,1500,1500,0,1,310031729
famp2,SmallRun,NaN,1500,4,1500,1500,0,1,310041729
famp2,SmallRun,NaN,1500,5,1500,1500,0,1,310051729
famp2,SmallRun,NaN,1500,6,1500,1500,0,1,310061729
famp2,SmallRun,NaN,1500,7,1500,1500,0,1,310071729
famp2,SmallRun,NaN,1500,8,1500,1500,0,1,310081729
famp2,SmallRun,NaN,1500,9,1500,1500,0,1,310091729
famp2,SmallRun,NaN,1500,10,1500,1500,0,1,310101729
famp2,SmallRun,NaN,1500,11,1500,1500,0,1,310111729
famp2,SmallRun,NaN,1500,12,1500,1500,0,1,310121729
famp2,SmallRun,NaN,1500,13,1500,1500,0,1,310131729
famp2,SmallRun,NaN,1500,14,1500,1500,0,1,310141729
famp2,SmallRun,NaN,1500,15,1500,1500,0,1,310151729
famp2,SmallRun,NaN,1500,16,1500,1500,0,1,310161729
famp2,SmallRun,NaN,1500,17,1500,1500,0,1,310171729
famp2,SmallRun,NaN,1500,18,1500,1500,0,1,310181729
famp2,SmallRun,NaN,1500,19,1500,1500,0,1,310191729
famp2,SmallRun,NaN,1500,20,1500,1500,0,1,310201729
famp2,SmallRun,NaN,1500,21,1500,1500,0,1,310211729
famp2,SmallRun,NaN,1500,22,1500,1500,0,1,310221729
famp2,SmallRun,NaN,1500,23,1500,1500,0,1,310231729
famp2,SmallRun,NaN,1500,24,1500,1500,0,1,310241729
famp2,SmallRun,NaN,1500,25,1500,1500,0,1,310251729
famp2,SmallRun,NaN,1500,26,1500,1500,0,1,310261729
famp2,SmallRun,NaN,1500,27,1500,1500,0,1,310271729
famp2,SmallRun,NaN,1500,28,1500,1500,0,1,310281729
famp2,SmallRun,NaN,1500,29,1500,1500,0,1,310291729
famp2,SmallRun,NaN,1500,30,1500,1500,0,1,310301729
famp2,SmallRun,NaN,2000,1,2000,2000,0,1,311011729
famp2,SmallRun,NaN,2000,2,2000,2000,0,1,311021729
famp2,SmallRun,NaN,2000,3,2000,2000,0,1,311031729
famp2,SmallRun,NaN,2000,4,2000,2000,0,1,311041729
famp2,SmallRun,NaN,2000,5,2000,2000,0,1,311051729
famp2,SmallRun,NaN,2000,6,2000,2000,0,1,311061729
famp2,SmallRun,NaN,2000,7,2000,2000,0,1,311071729
famp2,SmallRun,NaN,2000,8,2000,2000,0,1,311081729
famp2,SmallRun,NaN,2000,9,2000,2000,0,1,311091729
famp2,SmallRun,NaN,2000,10,2000,2000,0,1,311101729
famp2,SmallRun,NaN,2000,11,2000,2000,0,1,311111729
famp2,SmallRun,NaN,2000,12,2000,2000,0,1,311121729
famp2,SmallRun,NaN,2000,13,2000,2000,0,1,311131729
famp2,SmallRun,NaN,2000,14,2000,2000,0,1,311141729
famp2,SmallRun,NaN,2000,15,2000,2000,0,1,311151729
famp2,SmallRun,NaN,2000,16,2000,2000,0,1,311161729
famp2,SmallRun,NaN,2000,17,2000,2000,0,1,311171729
famp2,SmallRun,NaN,2000,18,2000,2000,0,1,311181729
famp2,SmallRun,NaN,2000,19,2000,2000,0,1,311191729
famp2,SmallRun,NaN,2000,20,2000,2000,0,1,311201729
famp2,SmallRun,NaN,2000,21,2000,2000,0,1,311211729
famp2,SmallRun,NaN,2000,22,2000,2000,0,1,311221729
famp2,SmallRun,NaN,2000,23,2000,2000,0,1,311231729
famp2,SmallRun,NaN,2000,24,2000,2000,0,1,311241729
famp2,SmallRun,NaN,2000,25,2000,2000,0,1,311251729
famp2,SmallRun,NaN,2000,26,2000,2000,0,1,311261729
famp2,SmallRun,NaN,2000,27,2000,2000,0,1,311271729
famp2,SmallRun,NaN,2000,28,2000,2000,0,1,311281729
famp2,SmallRun,NaN,2000,29,2000,2000,0,1,311291729
famp2,SmallRun,NaN,2000,30,2000,2000,0,1,311301729
famp3,Reference,1,NaN,NaN,20000,20000,0,1,301001729
famp3,Reference,2,NaN,NaN,20000,20000,0,1,302001729
famp3,Reference,3,NaN,NaN,20000,20000,0,1,303001729
famp3,SmallRun,NaN,20,1,20,20,0,1,401011729
famp3,SmallRun,NaN,20,2,20,20,0,1,401021729
famp3,SmallRun,NaN,20,3,20,20,0,1,401031729
famp3,SmallRun,NaN,20,4,20,20,0,1,401041729
famp3,SmallRun,NaN,20,5,20,20,0,1,401051729
famp3,SmallRun,NaN,20,6,20,20,0,1,401061729
famp3,SmallRun,NaN,20,7,20,20,0,1,401071729
famp3,SmallRun,NaN,20,8,20,20,0,1,401081729
famp3,SmallRun,NaN,20,9,20,20,0,1,401091729
famp3,SmallRun,NaN,20,10,20,20,0,1,401101729
famp3,SmallRun,NaN,20,11,20,20,0,1,401111729
famp3,SmallRun,NaN,20,12,20,20,0,1,401121729
famp3,SmallRun,NaN,20,13,20,20,0,1,401131729
famp3,SmallRun,NaN,20,14,20,20,0,1,401141729
famp3,SmallRun,NaN,20,15,20,20,0,1,401151729
famp3,SmallRun,NaN,20,16,20,20,0,1,401161729
famp3,SmallRun,NaN,20,17,20,20,0,1,401171729
famp3,SmallRun,NaN,20,18,20,20,0,1,401181729
famp3,SmallRun,NaN,20,19,20,20,0,1,401191729
famp3,SmallRun,NaN,20,20,20,20,0,1,401201729
famp3,SmallRun,NaN,20,21,20,20,0,1,401211729
famp3,SmallRun,NaN,20,22,20,20,0,1,401221729
famp3,SmallRun,NaN,20,23,20,20,0,1,401231729
famp3,SmallRun,NaN,20,24,20,20,0,1,401241729
famp3,SmallRun,NaN,20,25,20,20,0,1,401251729
famp3,SmallRun,NaN,20,26,20,20,0,1,401261729
famp3,SmallRun,NaN,20,27,20,20,0,1,401271729
famp3,SmallRun,NaN,20,28,20,20,0,1,401281729
famp3,SmallRun,NaN,20,29,20,20,0,1,401291729
famp3,SmallRun,NaN,20,30,20,20,0,1,401301729
famp3,SmallRun,NaN,50,1,50,50,0,1,402011729
famp3,SmallRun,NaN,50,2,50,50,0,1,402021729
famp3,SmallRun,NaN,50,3,50,50,0,1,402031729
famp3,SmallRun,NaN,50,4,50,50,0,1,402041729
famp3,SmallRun,NaN,50,5,50,50,0,1,402051729
famp3,SmallRun,NaN,50,6,50,50,0,1,402061729
famp3,SmallRun,NaN,50,7,50,50,0,1,402071729
famp3,SmallRun,NaN,50,8,50,50,0,1,402081729
famp3,SmallRun,NaN,50,9,50,50,0,1,402091729
famp3,SmallRun,NaN,50,10,50,50,0,1,402101729
famp3,SmallRun,NaN,50,11,50,50,0,1,402111729
famp3,SmallRun,NaN,50,12,50,50,0,1,402121729
famp3,SmallRun,NaN,50,13,50,50,0,1,402131729
famp3,SmallRun,NaN,50,14,50,50,0,1,402141729
famp3,SmallRun,NaN,50,15,50,50,0,1,402151729
famp3,SmallRun,NaN,50,16,50,50,0,1,402161729
famp3,SmallRun,NaN,50,17,50,50,0,1,402171729
famp3,SmallRun,NaN,50,18,50,50,0,1,402181729
famp3,SmallRun,NaN,50,19,50,50,0,1,402191729
famp3,SmallRun,NaN,50,20,50,50,0,1,402201729
famp3,SmallRun,NaN,50,21,50,50,0,1,402211729
famp3,SmallRun,NaN,50,22,50,50,0,1,402221729
famp3,SmallRun,NaN,50,23,50,50,0,1,402231729
famp3,SmallRun,NaN,50,24,50,50,0,1,402241729
famp3,SmallRun,NaN,50,25,50,50,0,1,402251729
famp3,SmallRun,NaN,50,26,50,50,0,1,402261729
famp3,SmallRun,NaN,50,27,50,50,0,1,402271729
famp3,SmallRun,NaN,50,28,50,50,0,1,402281729
famp3,SmallRun,NaN,50,29,50,50,0,1,402291729
famp3,SmallRun,NaN,50,30,50,50,0,1,402301729
famp3,SmallRun,NaN,100,1,100,100,0,1,403011729
famp3,SmallRun,NaN,100,2,100,100,0,1,403021729
famp3,SmallRun,NaN,100,3,100,100,0,1,403031729
famp3,SmallRun,NaN,100,4,100,100,0,1,403041729
famp3,SmallRun,NaN,100,5,100,100,0,1,403051729
famp3,SmallRun,NaN,100,6,100,100,0,1,403061729
famp3,SmallRun,NaN,100,7,100,100,0,1,403071729
famp3,SmallRun,NaN,100,8,100,100,0,1,403081729
famp3,SmallRun,NaN,100,9,100,100,0,1,403091729
famp3,SmallRun,NaN,100,10,100,100,0,1,403101729
famp3,SmallRun,NaN,100,11,100,100,0,1,403111729
famp3,SmallRun,NaN,100,12,100,100,0,1,403121729
famp3,SmallRun,NaN,100,13,100,100,0,1,403131729
famp3,SmallRun,NaN,100,14,100,100,0,1,403141729
famp3,SmallRun,NaN,100,15,100,100,0,1,403151729
famp3,SmallRun,NaN,100,16,100,100,0,1,403161729
famp3,SmallRun,NaN,100,17,100,100,0,1,403171729
famp3,SmallRun,NaN,100,18,100,100,0,1,403181729
famp3,SmallRun,NaN,100,19,100,100,0,1,403191729
famp3,SmallRun,NaN,100,20,100,100,0,1,403201729
famp3,SmallRun,NaN,100,21,100,100,0,1,403211729
famp3,SmallRun,NaN,100,22,100,100,0,1,403221729
famp3,SmallRun,NaN,100,23,100,100,0,1,403231729
famp3,SmallRun,NaN,100,24,100,100,0,1,403241729
famp3,SmallRun,NaN,100,25,100,100,0,1,403251729
famp3,SmallRun,NaN,100,26,100,100,0,1,403261729
famp3,SmallRun,NaN,100,27,100,100,0,1,403271729
famp3,SmallRun,NaN,100,28,100,100,0,1,403281729
famp3,SmallRun,NaN,100,29,100,100,0,1,403291729
famp3,SmallRun,NaN,100,30,100,100,0,1,403301729
famp3,SmallRun,NaN,200,1,200,200,0,1,404011729
famp3,SmallRun,NaN,200,2,200,200,0,1,404021729
famp3,SmallRun,NaN,200,3,200,200,0,1,404031729
famp3,SmallRun,NaN,200,4,200,200,0,1,404041729
famp3,SmallRun,NaN,200,5,200,200,0,1,404051729
famp3,SmallRun,NaN,200,6,200,200,0,1,404061729
famp3,SmallRun,NaN,200,7,200,200,0,1,404071729
famp3,SmallRun,NaN,200,8,200,200,0,1,404081729
famp3,SmallRun,NaN,200,9,200,200,0,1,404091729
famp3,SmallRun,NaN,200,10,200,200,0,1,404101729
famp3,SmallRun,NaN,200,11,200,200,0,1,404111729
famp3,SmallRun,NaN,200,12,200,200,0,1,404121729
famp3,SmallRun,NaN,200,13,200,200,0,1,404131729
famp3,SmallRun,NaN,200,14,200,200,0,1,404141729
famp3,SmallRun,NaN,200,15,200,200,0,1,404151729
famp3,SmallRun,NaN,200,16,200,200,0,1,404161729
famp3,SmallRun,NaN,200,17,200,200,0,1,404171729
famp3,SmallRun,NaN,200,18,200,200,0,1,404181729
famp3,SmallRun,NaN,200,19,200,200,0,1,404191729
famp3,SmallRun,NaN,200,20,200,200,0,1,404201729
famp3,SmallRun,NaN,200,21,200,200,0,1,404211729
famp3,SmallRun,NaN,200,22,200,200,0,1,404221729
famp3,SmallRun,NaN,200,23,200,200,0,1,404231729
famp3,SmallRun,NaN,200,24,200,200,0,1,404241729
famp3,SmallRun,NaN,200,25,200,200,0,1,404251729
famp3,SmallRun,NaN,200,26,200,200,0,1,404261729
famp3,SmallRun,NaN,200,27,200,200,0,1,404271729
famp3,SmallRun,NaN,200,28,200,200,0,1,404281729
famp3,SmallRun,NaN,200,29,200,200,0,1,404291729
famp3,SmallRun,NaN,200,30,200,200,0,1,404301729
famp3,SmallRun,NaN,300,1,300,300,0,1,405011729
famp3,SmallRun,NaN,300,2,300,300,0,1,405021729
famp3,SmallRun,NaN,300,3,300,300,0,1,405031729
famp3,SmallRun,NaN,300,4,300,300,0,1,405041729
famp3,SmallRun,NaN,300,5,300,300,0,1,405051729
famp3,SmallRun,NaN,300,6,300,300,0,1,405061729
famp3,SmallRun,NaN,300,7,300,300,0,1,405071729
famp3,SmallRun,NaN,300,8,300,300,0,1,405081729
famp3,SmallRun,NaN,300,9,300,300,0,1,405091729
famp3,SmallRun,NaN,300,10,300,300,0,1,405101729
famp3,SmallRun,NaN,300,11,300,300,0,1,405111729
famp3,SmallRun,NaN,300,12,300,300,0,1,405121729
famp3,SmallRun,NaN,300,13,300,300,0,1,405131729
famp3,SmallRun,NaN,300,14,300,300,0,1,405141729
famp3,SmallRun,NaN,300,15,300,300,0,1,405151729
famp3,SmallRun,NaN,300,16,300,300,0,1,405161729
famp3,SmallRun,NaN,300,17,300,300,0,1,405171729
famp3,SmallRun,NaN,300,18,300,300,0,1,405181729
famp3,SmallRun,NaN,300,19,300,300,0,1,405191729
famp3,SmallRun,NaN,300,20,300,300,0,1,405201729
famp3,SmallRun,NaN,300,21,300,300,0,1,405211729
famp3,SmallRun,NaN,300,22,300,300,0,1,405221729
famp3,SmallRun,NaN,300,23,300,300,0,1,405231729
famp3,SmallRun,NaN,300,24,300,300,0,1,405241729
famp3,SmallRun,NaN,300,25,300,300,0,1,405251729
famp3,SmallRun,NaN,300,26,300,300,0,1,405261729
famp3,SmallRun,NaN,300,27,300,300,0,1,405271729
famp3,SmallRun,NaN,300,28,300,300,0,1,405281729
famp3,SmallRun,NaN,300,29,300,300,0,1,405291729
famp3,SmallRun,NaN,300,30,300,300,0,1,405301729
famp3,SmallRun,NaN,400,1,400,400,0,1,406011729
famp3,SmallRun,NaN,400,2,400,400,0,1,406021729
famp3,SmallRun,NaN,400,3,400,400,0,1,406031729
famp3,SmallRun,NaN,400,4,400,400,0,1,406041729
famp3,SmallRun,NaN,400,5,400,400,0,1,406051729
famp3,SmallRun,NaN,400,6,400,400,0,1,406061729
famp3,SmallRun,NaN,400,7,400,400,0,1,406071729
famp3,SmallRun,NaN,400,8,400,400,0,1,406081729
famp3,SmallRun,NaN,400,9,400,400,0,1,406091729
famp3,SmallRun,NaN,400,10,400,400,0,1,406101729
famp3,SmallRun,NaN,400,11,400,400,0,1,406111729
famp3,SmallRun,NaN,400,12,400,400,0,1,406121729
famp3,SmallRun,NaN,400,13,400,400,0,1,406131729
famp3,SmallRun,NaN,400,14,400,400,0,1,406141729
famp3,SmallRun,NaN,400,15,400,400,0,1,406151729
famp3,SmallRun,NaN,400,16,400,400,0,1,406161729
famp3,SmallRun,NaN,400,17,400,400,0,1,406171729
famp3,SmallRun,NaN,400,18,400,400,0,1,406181729
famp3,SmallRun,NaN,400,19,400,400,0,1,406191729
famp3,SmallRun,NaN,400,20,400,400,0,1,406201729
famp3,SmallRun,NaN,400,21,400,400,0,1,406211729
famp3,SmallRun,NaN,400,22,400,400,0,1,406221729
famp3,SmallRun,NaN,400,23,400,400,0,1,406231729
famp3,SmallRun,NaN,400,24,400,400,0,1,406241729
famp3,SmallRun,NaN,400,25,400,400,0,1,406251729
famp3,SmallRun,NaN,400,26,400,400,0,1,406261729
famp3,SmallRun,NaN,400,27,400,400,0,1,406271729
famp3,SmallRun,NaN,400,28,400,400,0,1,406281729
famp3,SmallRun,NaN,400,29,400,400,0,1,406291729
famp3,SmallRun,NaN,400,30,400,400,0,1,406301729
famp3,SmallRun,NaN,500,1,500,500,0,1,407011729
famp3,SmallRun,NaN,500,2,500,500,0,1,407021729
famp3,SmallRun,NaN,500,3,500,500,0,1,407031729
famp3,SmallRun,NaN,500,4,500,500,0,1,407041729
famp3,SmallRun,NaN,500,5,500,500,0,1,407051729
famp3,SmallRun,NaN,500,6,500,500,0,1,407061729
famp3,SmallRun,NaN,500,7,500,500,0,1,407071729
famp3,SmallRun,NaN,500,8,500,500,0,1,407081729
famp3,SmallRun,NaN,500,9,500,500,0,1,407091729
famp3,SmallRun,NaN,500,10,500,500,0,1,407101729
famp3,SmallRun,NaN,500,11,500,500,0,1,407111729
famp3,SmallRun,NaN,500,12,500,500,0,1,407121729
famp3,SmallRun,NaN,500,13,500,500,0,1,407131729
famp3,SmallRun,NaN,500,14,500,500,0,1,407141729
famp3,SmallRun,NaN,500,15,500,500,0,1,407151729
famp3,SmallRun,NaN,500,16,500,500,0,1,407161729
famp3,SmallRun,NaN,500,17,500,500,0,1,407171729
famp3,SmallRun,NaN,500,18,500,500,0,1,407181729
famp3,SmallRun,NaN,500,19,500,500,0,1,407191729
famp3,SmallRun,NaN,500,20,500,500,0,1,407201729
famp3,SmallRun,NaN,500,21,500,500,0,1,407211729
famp3,SmallRun,NaN,500,22,500,500,0,1,407221729
famp3,SmallRun,NaN,500,23,500,500,0,1,407231729
famp3,SmallRun,NaN,500,24,500,500,0,1,407241729
famp3,SmallRun,NaN,500,25,500,500,0,1,407251729
famp3,SmallRun,NaN,500,26,500,500,0,1,407261729
famp3,SmallRun,NaN,500,27,500,500,0,1,407271729
famp3,SmallRun,NaN,500,28,500,500,0,1,407281729
famp3,SmallRun,NaN,500,29,500,500,0,1,407291729
famp3,SmallRun,NaN,500,30,500,500,0,1,407301729
famp3,SmallRun,NaN,750,1,750,750,0,1,408011729
famp3,SmallRun,NaN,750,2,750,750,0,1,408021729
famp3,SmallRun,NaN,750,3,750,750,0,1,408031729
famp3,SmallRun,NaN,750,4,750,750,0,1,408041729
famp3,SmallRun,NaN,750,5,750,750,0,1,408051729
famp3,SmallRun,NaN,750,6,750,750,0,1,408061729
famp3,SmallRun,NaN,750,7,750,750,0,1,408071729
famp3,SmallRun,NaN,750,8,750,750,0,1,408081729
famp3,SmallRun,NaN,750,9,750,750,0,1,408091729
famp3,SmallRun,NaN,750,10,750,750,0,1,408101729
famp3,SmallRun,NaN,750,11,750,750,0,1,408111729
famp3,SmallRun,NaN,750,12,750,750,0,1,408121729
famp3,SmallRun,NaN,750,13,750,750,0,1,408131729
famp3,SmallRun,NaN,750,14,750,750,0,1,408141729
famp3,SmallRun,NaN,750,15,750,750,0,1,408151729
famp3,SmallRun,NaN,750,16,750,750,0,1,408161729
famp3,SmallRun,NaN,750,17,750,750,0,1,408171729
famp3,SmallRun,NaN,750,18,750,750,0,1,408181729
famp3,SmallRun,NaN,750,19,750,750,0,1,408191729
famp3,SmallRun,NaN,750,20,750,750,0,1,408201729
famp3,SmallRun,NaN,750,21,750,750,0,1,408211729
famp3,SmallRun,NaN,750,22,750,750,0,1,408221729
famp3,SmallRun,NaN,750,23,750,750,0,1,408231729
famp3,SmallRun,NaN,750,24,750,750,0,1,408241729
famp3,SmallRun,NaN,750,25,750,750,0,1,408251729
famp3,SmallRun,NaN,750,26,750,750,0,1,408261729
famp3,SmallRun,NaN,750,27,750,750,0,1,408271729
famp3,SmallRun,NaN,750,28,750,750,0,1,408281729
famp3,SmallRun,NaN,750,29,750,750,0,1,408291729
famp3,SmallRun,NaN,750,30,750,750,0,1,408301729
famp3,SmallRun,NaN,1000,1,1000,1000,0,1,409011729
famp3,SmallRun,NaN,1000,2,1000,1000,0,1,409021729
famp3,SmallRun,NaN,1000,3,1000,1000,0,1,409031729
famp3,SmallRun,NaN,1000,4,1000,1000,0,1,409041729
famp3,SmallRun,NaN,1000,5,1000,1000,0,1,409051729
famp3,SmallRun,NaN,1000,6,1000,1000,0,1,409061729
famp3,SmallRun,NaN,1000,7,1000,1000,0,1,409071729
famp3,SmallRun,NaN,1000,8,1000,1000,0,1,409081729
famp3,SmallRun,NaN,1000,9,1000,1000,0,1,409091729
famp3,SmallRun,NaN,1000,10,1000,1000,0,1,409101729
famp3,SmallRun,NaN,1000,11,1000,1000,0,1,409111729
famp3,SmallRun,NaN,1000,12,1000,1000,0,1,409121729
famp3,SmallRun,NaN,1000,13,1000,1000,0,1,409131729
famp3,SmallRun,NaN,1000,14,1000,1000,0,1,409141729
famp3,SmallRun,NaN,1000,15,1000,1000,0,1,409151729
famp3,SmallRun,NaN,1000,16,1000,1000,0,1,409161729
famp3,SmallRun,NaN,1000,17,1000,1000,0,1,409171729
famp3,SmallRun,NaN,1000,18,1000,1000,0,1,409181729
famp3,SmallRun,NaN,1000,19,1000,1000,0,1,409191729
famp3,SmallRun,NaN,1000,20,1000,1000,0,1,409201729
famp3,SmallRun,NaN,1000,21,1000,1000,0,1,409211729
famp3,SmallRun,NaN,1000,22,1000,1000,0,1,409221729
famp3,SmallRun,NaN,1000,23,1000,1000,0,1,409231729
famp3,SmallRun,NaN,1000,24,1000,1000,0,1,409241729
famp3,SmallRun,NaN,1000,25,1000,1000,0,1,409251729
famp3,SmallRun,NaN,1000,26,1000,1000,0,1,409261729
famp3,SmallRun,NaN,1000,27,1000,1000,0,1,409271729
famp3,SmallRun,NaN,1000,28,1000,1000,0,1,409281729
famp3,SmallRun,NaN,1000,29,1000,1000,0,1,409291729
famp3,SmallRun,NaN,1000,30,1000,1000,0,1,409301729
famp3,SmallRun,NaN,1500,1,1500,1500,0,1,410011729
famp3,SmallRun,NaN,1500,2,1500,1500,0,1,410021729
famp3,SmallRun,NaN,1500,3,1500,1500,0,1,410031729
famp3,SmallRun,NaN,1500,4,1500,1500,0,1,410041729
famp3,SmallRun,NaN,1500,5,1500,1500,0,1,410051729
famp3,SmallRun,NaN,1500,6,1500,1500,0,1,410061729
famp3,SmallRun,NaN,1500,7,1500,1500,0,1,410071729
famp3,SmallRun,NaN,1500,8,1500,1500,0,1,410081729
famp3,SmallRun,NaN,1500,9,1500,1500,0,1,410091729
famp3,SmallRun,NaN,1500,10,1500,1500,0,1,410101729
famp3,SmallRun,NaN,1500,11,1500,1500,0,1,410111729
famp3,SmallRun,NaN,1500,12,1500,1500,0,1,410121729
famp3,SmallRun,NaN,1500,13,1500,1500,0,1,410131729
famp3,SmallRun,NaN,1500,14,1500,1500,0,1,410141729
famp3,SmallRun,NaN,1500,15,1500,1500,0,1,410151729
famp3,SmallRun,NaN,1500,16,1500,1500,0,1,410161729
famp3,SmallRun,NaN,1500,17,1500,1500,0,1,410171729
famp3,SmallRun,NaN,1500,18,1500,1500,0,1,410181729
famp3,SmallRun,NaN,1500,19,1500,1500,0,1,410191729
famp3,SmallRun,NaN,1500,20,1500,1500,0,1,410201729
famp3,SmallRun,NaN,1500,21,1500,1500,0,1,410211729
famp3,SmallRun,NaN,1500,22,1500,1500,0,1,410221729
famp3,SmallRun,NaN,1500,23,1500,1500,0,1,410231729
famp3,SmallRun,NaN,1500,24,1500,1500,0,1,410241729
famp3,SmallRun,NaN,1500,25,1500,1500,0,1,410251729
famp3,SmallRun,NaN,1500,26,1500,1500,0,1,410261729
famp3,SmallRun,NaN,1500,27,1500,1500,0,1,410271729
famp3,SmallRun,NaN,1500,28,1500,1500,0,1,410281729
famp3,SmallRun,NaN,1500,29,1500,1500,0,1,410291729
famp3,SmallRun,NaN,1500,30,1500,1500,0,1,410301729
famp3,SmallRun,NaN,2000,1,2000,2000,0,1,411011729
famp3,SmallRun,NaN,2000,2,2000,2000,0,1,411021729
famp3,SmallRun,NaN,2000,3,2000,2000,0,1,411031729
famp3,SmallRun,NaN,2000,4,2000,2000,0,1,411041729
famp3,SmallRun,NaN,2000,5,2000,2000,0,1,411051729
famp3,SmallRun,NaN,2000,6,2000,2000,0,1,411061729
famp3,SmallRun,NaN,2000,7,2000,2000,0,1,411071729
famp3,SmallRun,NaN,2000,8,2000,2000,0,1,411081729
famp3,SmallRun,NaN,2000,9,2000,2000,0,1,411091729
famp3,SmallRun,NaN,2000,10,2000,2000,0,1,411101729
famp3,SmallRun,NaN,2000,11,2000,2000,0,1,411111729
famp3,SmallRun,NaN,2000,12,2000,2000,0,1,411121729
famp3,SmallRun,NaN,2000,13,2000,2000,0,1,411131729
famp3,SmallRun,NaN,2000,14,2000,2000,0,1,411141729
famp3,SmallRun,NaN,2000,15,2000,2000,0,1,411151729
famp3,SmallRun,NaN,2000,16,2000,2000,0,1,411161729
famp3,SmallRun,NaN,2000,17,2000,2000,0,1,411171729
famp3,SmallRun,NaN,2000,18,2000,2000,0,1,411181729
famp3,SmallRun,NaN,2000,19,2000,2000,0,1,411191729
famp3,SmallRun,NaN,2000,20,2000,2000,0,1,411201729
famp3,SmallRun,NaN,2000,21,2000,2000,0,1,411211729
famp3,SmallRun,NaN,2000,22,2000,2000,0,1,411221729
famp3,SmallRun,NaN,2000,23,2000,2000,0,1,411231729
famp3,SmallRun,NaN,2000,24,2000,2000,0,1,411241729
famp3,SmallRun,NaN,2000,25,2000,2000,0,1,411251729
famp3,SmallRun,NaN,2000,26,2000,2000,0,1,411261729
famp3,SmallRun,NaN,2000,27,2000,2000,0,1,411271729
famp3,SmallRun,NaN,2000,28,2000,2000,0,1,411281729
famp3,SmallRun,NaN,2000,29,2000,2000,0,1,411291729
famp3,SmallRun,NaN,2000,30,2000,2000,0,1,411301729
famp4,Reference,1,NaN,NaN,20000,20000,0,1,401001729
famp4,Reference,2,NaN,NaN,20000,20000,0,1,402001729
famp4,Reference,3,NaN,NaN,20000,20000,0,1,403001729
famp4,SmallRun,NaN,20,1,20,20,0,1,501011729
famp4,SmallRun,NaN,20,2,20,20,0,1,501021729
famp4,SmallRun,NaN,20,3,20,20,0,1,501031729
famp4,SmallRun,NaN,20,4,20,20,0,1,501041729
famp4,SmallRun,NaN,20,5,20,20,0,1,501051729
famp4,SmallRun,NaN,20,6,20,20,0,1,501061729
famp4,SmallRun,NaN,20,7,20,20,0,1,501071729
famp4,SmallRun,NaN,20,8,20,20,0,1,501081729
famp4,SmallRun,NaN,20,9,20,20,0,1,501091729
famp4,SmallRun,NaN,20,10,20,20,0,1,501101729
famp4,SmallRun,NaN,20,11,20,20,0,1,501111729
famp4,SmallRun,NaN,20,12,20,20,0,1,501121729
famp4,SmallRun,NaN,20,13,20,20,0,1,501131729
famp4,SmallRun,NaN,20,14,20,20,0,1,501141729
famp4,SmallRun,NaN,20,15,20,20,0,1,501151729
famp4,SmallRun,NaN,20,16,20,20,0,1,501161729
famp4,SmallRun,NaN,20,17,20,20,0,1,501171729
famp4,SmallRun,NaN,20,18,20,20,0,1,501181729
famp4,SmallRun,NaN,20,19,20,20,0,1,501191729
famp4,SmallRun,NaN,20,20,20,20,0,1,501201729
famp4,SmallRun,NaN,20,21,20,20,0,1,501211729
famp4,SmallRun,NaN,20,22,20,20,0,1,501221729
famp4,SmallRun,NaN,20,23,20,20,0,1,501231729
famp4,SmallRun,NaN,20,24,20,20,0,1,501241729
famp4,SmallRun,NaN,20,25,20,20,0,1,501251729
famp4,SmallRun,NaN,20,26,20,20,0,1,501261729
famp4,SmallRun,NaN,20,27,20,20,0,1,501271729
famp4,SmallRun,NaN,20,28,20,20,0,1,501281729
famp4,SmallRun,NaN,20,29,20,20,0,1,501291729
famp4,SmallRun,NaN,20,30,20,20,0,1,501301729
famp4,SmallRun,NaN,50,1,50,50,0,1,502011729
famp4,SmallRun,NaN,50,2,50,50,0,1,502021729
famp4,SmallRun,NaN,50,3,50,50,0,1,502031729
famp4,SmallRun,NaN,50,4,50,50,0,1,502041729
famp4,SmallRun,NaN,50,5,50,50,0,1,502051729
famp4,SmallRun,NaN,50,6,50,50,0,1,502061729
famp4,SmallRun,NaN,50,7,50,50,0,1,502071729
famp4,SmallRun,NaN,50,8,50,50,0,1,502081729
famp4,SmallRun,NaN,50,9,50,50,0,1,502091729
famp4,SmallRun,NaN,50,10,50,50,0,1,502101729
famp4,SmallRun,NaN,50,11,50,50,0,1,502111729
famp4,SmallRun,NaN,50,12,50,50,0,1,502121729
famp4,SmallRun,NaN,50,13,50,50,0,1,502131729
famp4,SmallRun,NaN,50,14,50,50,0,1,502141729
famp4,SmallRun,NaN,50,15,50,50,0,1,502151729
famp4,SmallRun,NaN,50,16,50,50,0,1,502161729
famp4,SmallRun,NaN,50,17,50,50,0,1,502171729
famp4,SmallRun,NaN,50,18,50,50,0,1,502181729
famp4,SmallRun,NaN,50,19,50,50,0,1,502191729
famp4,SmallRun,NaN,50,20,50,50,0,1,502201729
famp4,SmallRun,NaN,50,21,50,50,0,1,502211729
famp4,SmallRun,NaN,50,22,50,50,0,1,502221729
famp4,SmallRun,NaN,50,23,50,50,0,1,502231729
famp4,SmallRun,NaN,50,24,50,50,0,1,502241729
famp4,SmallRun,NaN,50,25,50,50,0,1,502251729
famp4,SmallRun,NaN,50,26,50,50,0,1,502261729
famp4,SmallRun,NaN,50,27,50,50,0,1,502271729
famp4,SmallRun,NaN,50,28,50,50,0,1,502281729
famp4,SmallRun,NaN,50,29,50,50,0,1,502291729
famp4,SmallRun,NaN,50,30,50,50,0,1,502301729
famp4,SmallRun,NaN,100,1,100,100,0,1,503011729
famp4,SmallRun,NaN,100,2,100,100,0,1,503021729
famp4,SmallRun,NaN,100,3,100,100,0,1,503031729
famp4,SmallRun,NaN,100,4,100,100,0,1,503041729
famp4,SmallRun,NaN,100,5,100,100,0,1,503051729
famp4,SmallRun,NaN,100,6,100,100,0,1,503061729
famp4,SmallRun,NaN,100,7,100,100,0,1,503071729
famp4,SmallRun,NaN,100,8,100,100,0,1,503081729
famp4,SmallRun,NaN,100,9,100,100,0,1,503091729
famp4,SmallRun,NaN,100,10,100,100,0,1,503101729
famp4,SmallRun,NaN,100,11,100,100,0,1,503111729
famp4,SmallRun,NaN,100,12,100,100,0,1,503121729
famp4,SmallRun,NaN,100,13,100,100,0,1,503131729
famp4,SmallRun,NaN,100,14,100,100,0,1,503141729
famp4,SmallRun,NaN,100,15,100,100,0,1,503151729
famp4,SmallRun,NaN,100,16,100,100,0,1,503161729
famp4,SmallRun,NaN,100,17,100,100,0,1,503171729
famp4,SmallRun,NaN,100,18,100,100,0,1,503181729
famp4,SmallRun,NaN,100,19,100,100,0,1,503191729
famp4,SmallRun,NaN,100,20,100,100,0,1,503201729
famp4,SmallRun,NaN,100,21,100,100,0,1,503211729
famp4,SmallRun,NaN,100,22,100,100,0,1,503221729
famp4,SmallRun,NaN,100,23,100,100,0,1,503231729
famp4,SmallRun,NaN,100,24,100,100,0,1,503241729
famp4,SmallRun,NaN,100,25,100,100,0,1,503251729
famp4,SmallRun,NaN,100,26,100,100,0,1,503261729
famp4,SmallRun,NaN,100,27,100,100,0,1,503271729
famp4,SmallRun,NaN,100,28,100,100,0,1,503281729
famp4,SmallRun,NaN,100,29,100,100,0,1,503291729
famp4,SmallRun,NaN,100,30,100,100,0,1,503301729
famp4,SmallRun,NaN,200,1,200,200,0,1,504011729
famp4,SmallRun,NaN,200,2,200,200,0,1,504021729
famp4,SmallRun,NaN,200,3,200,200,0,1,504031729
famp4,SmallRun,NaN,200,4,200,200,0,1,504041729
famp4,SmallRun,NaN,200,5,200,200,0,1,504051729
famp4,SmallRun,NaN,200,6,200,200,0,1,504061729
famp4,SmallRun,NaN,200,7,200,200,0,1,504071729
famp4,SmallRun,NaN,200,8,200,200,0,1,504081729
famp4,SmallRun,NaN,200,9,200,200,0,1,504091729
famp4,SmallRun,NaN,200,10,200,200,0,1,504101729
famp4,SmallRun,NaN,200,11,200,200,0,1,504111729
famp4,SmallRun,NaN,200,12,200,200,0,1,504121729
famp4,SmallRun,NaN,200,13,200,200,0,1,504131729
famp4,SmallRun,NaN,200,14,200,200,0,1,504141729
famp4,SmallRun,NaN,200,15,200,200,0,1,504151729
famp4,SmallRun,NaN,200,16,200,200,0,1,504161729
famp4,SmallRun,NaN,200,17,200,200,0,1,504171729
famp4,SmallRun,NaN,200,18,200,200,0,1,504181729
famp4,SmallRun,NaN,200,19,200,200,0,1,504191729
famp4,SmallRun,NaN,200,20,200,200,0,1,504201729
famp4,SmallRun,NaN,200,21,200,200,0,1,504211729
famp4,SmallRun,NaN,200,22,200,200,0,1,504221729
famp4,SmallRun,NaN,200,23,200,200,0,1,504231729
famp4,SmallRun,NaN,200,24,200,200,0,1,504241729
famp4,SmallRun,NaN,200,25,200,200,0,1,504251729
famp4,SmallRun,NaN,200,26,200,200,0,1,504261729
famp4,SmallRun,NaN,200,27,200,200,0,1,504271729
famp4,SmallRun,NaN,200,28,200,200,0,1,504281729
famp4,SmallRun,NaN,200,29,200,200,0,1,504291729
famp4,SmallRun,NaN,200,30,200,200,0,1,504301729
famp4,SmallRun,NaN,300,1,300,300,0,1,505011729
famp4,SmallRun,NaN,300,2,300,300,0,1,505021729
famp4,SmallRun,NaN,300,3,300,300,0,1,505031729
famp4,SmallRun,NaN,300,4,300,300,0,1,505041729
famp4,SmallRun,NaN,300,5,300,300,0,1,505051729
famp4,SmallRun,NaN,300,6,300,300,0,1,505061729
famp4,SmallRun,NaN,300,7,300,300,0,1,505071729
famp4,SmallRun,NaN,300,8,300,300,0,1,505081729
famp4,SmallRun,NaN,300,9,300,300,0,1,505091729
famp4,SmallRun,NaN,300,10,300,300,0,1,505101729
famp4,SmallRun,NaN,300,11,300,300,0,1,505111729
famp4,SmallRun,NaN,300,12,300,300,0,1,505121729
famp4,SmallRun,NaN,300,13,300,300,0,1,505131729
famp4,SmallRun,NaN,300,14,300,300,0,1,505141729
famp4,SmallRun,NaN,300,15,300,300,0,1,505151729
famp4,SmallRun,NaN,300,16,300,300,0,1,505161729
famp4,SmallRun,NaN,300,17,300,300,0,1,505171729
famp4,SmallRun,NaN,300,18,300,300,0,1,505181729
famp4,SmallRun,NaN,300,19,300,300,0,1,505191729
famp4,SmallRun,NaN,300,20,300,300,0,1,505201729
famp4,SmallRun,NaN,300,21,300,300,0,1,505211729
famp4,SmallRun,NaN,300,22,300,300,0,1,505221729
famp4,SmallRun,NaN,300,23,300,300,0,1,505231729
famp4,SmallRun,NaN,300,24,300,300,0,1,505241729
famp4,SmallRun,NaN,300,25,300,300,0,1,505251729
famp4,SmallRun,NaN,300,26,300,300,0,1,505261729
famp4,SmallRun,NaN,300,27,300,300,0,1,505271729
famp4,SmallRun,NaN,300,28,300,300,0,1,505281729
famp4,SmallRun,NaN,300,29,300,300,0,1,505291729
famp4,SmallRun,NaN,300,30,300,300,0,1,505301729
famp4,SmallRun,NaN,400,1,400,400,0,1,506011729
famp4,SmallRun,NaN,400,2,400,400,0,1,506021729
famp4,SmallRun,NaN,400,3,400,400,0,1,506031729
famp4,SmallRun,NaN,400,4,400,400,0,1,506041729
famp4,SmallRun,NaN,400,5,400,400,0,1,506051729
famp4,SmallRun,NaN,400,6,400,400,0,1,506061729
famp4,SmallRun,NaN,400,7,400,400,0,1,506071729
famp4,SmallRun,NaN,400,8,400,400,0,1,506081729
famp4,SmallRun,NaN,400,9,400,400,0,1,506091729
famp4,SmallRun,NaN,400,10,400,400,0,1,506101729
famp4,SmallRun,NaN,400,11,400,400,0,1,506111729
famp4,SmallRun,NaN,400,12,400,400,0,1,506121729
famp4,SmallRun,NaN,400,13,400,400,0,1,506131729
famp4,SmallRun,NaN,400,14,400,400,0,1,506141729
famp4,SmallRun,NaN,400,15,400,400,0,1,506151729
famp4,SmallRun,NaN,400,16,400,400,0,1,506161729
famp4,SmallRun,NaN,400,17,400,400,0,1,506171729
famp4,SmallRun,NaN,400,18,400,400,0,1,506181729
famp4,SmallRun,NaN,400,19,400,400,0,1,506191729
famp4,SmallRun,NaN,400,20,400,400,0,1,506201729
famp4,SmallRun,NaN,400,21,400,400,0,1,506211729
famp4,SmallRun,NaN,400,22,400,400,0,1,506221729
famp4,SmallRun,NaN,400,23,400,400,0,1,506231729
famp4,SmallRun,NaN,400,24,400,400,0,1,506241729
famp4,SmallRun,NaN,400,25,400,400,0,1,506251729
famp4,SmallRun,NaN,400,26,400,400,0,1,506261729
famp4,SmallRun,NaN,400,27,400,400,0,1,506271729
famp4,SmallRun,NaN,400,28,400,400,0,1,506281729
famp4,SmallRun,NaN,400,29,400,400,0,1,506291729
famp4,SmallRun,NaN,400,30,400,400,0,1,506301729
famp4,SmallRun,NaN,500,1,500,500,0,1,507011729
famp4,SmallRun,NaN,500,2,500,500,0,1,507021729
famp4,SmallRun,NaN,500,3,500,500,0,1,507031729
famp4,SmallRun,NaN,500,4,500,500,0,1,507041729
famp4,SmallRun,NaN,500,5,500,500,0,1,507051729
famp4,SmallRun,NaN,500,6,500,500,0,1,507061729
famp4,SmallRun,NaN,500,7,500,500,0,1,507071729
famp4,SmallRun,NaN,500,8,500,500,0,1,507081729
famp4,SmallRun,NaN,500,9,500,500,0,1,507091729
famp4,SmallRun,NaN,500,10,500,500,0,1,507101729
famp4,SmallRun,NaN,500,11,500,500,0,1,507111729
famp4,SmallRun,NaN,500,12,500,500,0,1,507121729
famp4,SmallRun,NaN,500,13,500,500,0,1,507131729
famp4,SmallRun,NaN,500,14,500,500,0,1,507141729
famp4,SmallRun,NaN,500,15,500,500,0,1,507151729
famp4,SmallRun,NaN,500,16,500,500,0,1,507161729
famp4,SmallRun,NaN,500,17,500,500,0,1,507171729
famp4,SmallRun,NaN,500,18,500,500,0,1,507181729
famp4,SmallRun,NaN,500,19,500,500,0,1,507191729
famp4,SmallRun,NaN,500,20,500,500,0,1,507201729
famp4,SmallRun,NaN,500,21,500,500,0,1,507211729
famp4,SmallRun,NaN,500,22,500,500,0,1,507221729
famp4,SmallRun,NaN,500,23,500,500,0,1,507231729
famp4,SmallRun,NaN,500,24,500,500,0,1,507241729
famp4,SmallRun,NaN,500,25,500,500,0,1,507251729
famp4,SmallRun,NaN,500,26,500,500,0,1,507261729
famp4,SmallRun,NaN,500,27,500,500,0,1,507271729
famp4,SmallRun,NaN,500,28,500,500,0,1,507281729
famp4,SmallRun,NaN,500,29,500,500,0,1,507291729
famp4,SmallRun,NaN,500,30,500,500,0,1,507301729
famp4,SmallRun,NaN,750,1,750,750,0,1,508011729
famp4,SmallRun,NaN,750,2,750,750,0,1,508021729
famp4,SmallRun,NaN,750,3,750,750,0,1,508031729
famp4,SmallRun,NaN,750,4,750,750,0,1,508041729
famp4,SmallRun,NaN,750,5,750,750,0,1,508051729
famp4,SmallRun,NaN,750,6,750,750,0,1,508061729
famp4,SmallRun,NaN,750,7,750,750,0,1,508071729
famp4,SmallRun,NaN,750,8,750,750,0,1,508081729
famp4,SmallRun,NaN,750,9,750,750,0,1,508091729
famp4,SmallRun,NaN,750,10,750,750,0,1,508101729
famp4,SmallRun,NaN,750,11,750,750,0,1,508111729
famp4,SmallRun,NaN,750,12,750,750,0,1,508121729
famp4,SmallRun,NaN,750,13,750,750,0,1,508131729
famp4,SmallRun,NaN,750,14,750,750,0,1,508141729
famp4,SmallRun,NaN,750,15,750,750,0,1,508151729
famp4,SmallRun,NaN,750,16,750,750,0,1,508161729
famp4,SmallRun,NaN,750,17,750,750,0,1,508171729
famp4,SmallRun,NaN,750,18,750,750,0,1,508181729
famp4,SmallRun,NaN,750,19,750,750,0,1,508191729
famp4,SmallRun,NaN,750,20,750,750,0,1,508201729
famp4,SmallRun,NaN,750,21,750,750,0,1,508211729
famp4,SmallRun,NaN,750,22,750,750,0,1,508221729
famp4,SmallRun,NaN,750,23,750,750,0,1,508231729
famp4,SmallRun,NaN,750,24,750,750,0,1,508241729
famp4,SmallRun,NaN,750,25,750,750,0,1,508251729
famp4,SmallRun,NaN,750,26,750,750,0,1,508261729
famp4,SmallRun,NaN,750,27,750,750,0,1,508271729
famp4,SmallRun,NaN,750,28,750,750,0,1,508281729
famp4,SmallRun,NaN,750,29,750,750,0,1,508291729
famp4,SmallRun,NaN,750,30,750,750,0,1,508301729
famp4,SmallRun,NaN,1000,1,1000,1000,0,1,509011729
famp4,SmallRun,NaN,1000,2,1000,1000,0,1,509021729
famp4,SmallRun,NaN,1000,3,1000,1000,0,1,509031729
famp4,SmallRun,NaN,1000,4,1000,1000,0,1,509041729
famp4,SmallRun,NaN,1000,5,1000,1000,0,1,509051729
famp4,SmallRun,NaN,1000,6,1000,1000,0,1,509061729
famp4,SmallRun,NaN,1000,7,1000,1000,0,1,509071729
famp4,SmallRun,NaN,1000,8,1000,1000,0,1,509081729
famp4,SmallRun,NaN,1000,9,1000,1000,0,1,509091729
famp4,SmallRun,NaN,1000,10,1000,1000,0,1,509101729
famp4,SmallRun,NaN,1000,11,1000,1000,0,1,509111729
famp4,SmallRun,NaN,1000,12,1000,1000,0,1,509121729
famp4,SmallRun,NaN,1000,13,1000,1000,0,1,509131729
famp4,SmallRun,NaN,1000,14,1000,1000,0,1,509141729
famp4,SmallRun,NaN,1000,15,1000,1000,0,1,509151729
famp4,SmallRun,NaN,1000,16,1000,1000,0,1,509161729
famp4,SmallRun,NaN,1000,17,1000,1000,0,1,509171729
famp4,SmallRun,NaN,1000,18,1000,1000,0,1,509181729
famp4,SmallRun,NaN,1000,19,1000,1000,0,1,509191729
famp4,SmallRun,NaN,1000,20,1000,1000,0,1,509201729
famp4,SmallRun,NaN,1000,21,1000,1000,0,1,509211729
famp4,SmallRun,NaN,1000,22,1000,1000,0,1,509221729
famp4,SmallRun,NaN,1000,23,1000,1000,0,1,509231729
famp4,SmallRun,NaN,1000,24,1000,1000,0,1,509241729
famp4,SmallRun,NaN,1000,25,1000,1000,0,1,509251729
famp4,SmallRun,NaN,1000,26,1000,1000,0,1,509261729
famp4,SmallRun,NaN,1000,27,1000,1000,0,1,509271729
famp4,SmallRun,NaN,1000,28,1000,1000,0,1,509281729
famp4,SmallRun,NaN,1000,29,1000,1000,0,1,509291729
famp4,SmallRun,NaN,1000,30,1000,1000,0,1,509301729
famp4,SmallRun,NaN,1500,1,1500,1500,0,1,510011729
famp4,SmallRun,NaN,1500,2,1500,1500,0,1,510021729
famp4,SmallRun,NaN,1500,3,1500,1500,0,1,510031729
famp4,SmallRun,NaN,1500,4,1500,1500,0,1,510041729
famp4,SmallRun,NaN,1500,5,1500,1500,0,1,510051729
famp4,SmallRun,NaN,1500,6,1500,1500,0,1,510061729
famp4,SmallRun,NaN,1500,7,1500,1500,0,1,510071729
famp4,SmallRun,NaN,1500,8,1500,1500,0,1,510081729
famp4,SmallRun,NaN,1500,9,1500,1500,0,1,510091729
famp4,SmallRun,NaN,1500,10,1500,1500,0,1,510101729
famp4,SmallRun,NaN,1500,11,1500,1500,0,1,510111729
famp4,SmallRun,NaN,1500,12,1500,1500,0,1,510121729
famp4,SmallRun,NaN,1500,13,1500,1500,0,1,510131729
famp4,SmallRun,NaN,1500,14,1500,1500,0,1,510141729
famp4,SmallRun,NaN,1500,15,1500,1500,0,1,510151729
famp4,SmallRun,NaN,1500,16,1500,1500,0,1,510161729
famp4,SmallRun,NaN,1500,17,1500,1500,0,1,510171729
famp4,SmallRun,NaN,1500,18,1500,1500,0,1,510181729
famp4,SmallRun,NaN,1500,19,1500,1500,0,1,510191729
famp4,SmallRun,NaN,1500,20,1500,1500,0,1,510201729
famp4,SmallRun,NaN,1500,21,1500,1500,0,1,510211729
famp4,SmallRun,NaN,1500,22,1500,1500,0,1,510221729
famp4,SmallRun,NaN,1500,23,1500,1500,0,1,510231729
famp4,SmallRun,NaN,1500,24,1500,1500,0,1,510241729
famp4,SmallRun,NaN,1500,25,1500,1500,0,1,510251729
famp4,SmallRun,NaN,1500,26,1500,1500,0,1,510261729
famp4,SmallRun,NaN,1500,27,1500,1500,0,1,510271729
famp4,SmallRun,NaN,1500,28,1500,1500,0,1,510281729
famp4,SmallRun,NaN,1500,29,1500,1500,0,1,510291729
famp4,SmallRun,NaN,1500,30,1500,1500,0,1,510301729
famp4,SmallRun,NaN,2000,1,2000,2000,0,1,511011729
famp4,SmallRun,NaN,2000,2,2000,2000,0,1,511021729
famp4,SmallRun,NaN,2000,3,2000,2000,0,1,511031729
famp4,SmallRun,NaN,2000,4,2000,2000,0,1,511041729
famp4,SmallRun,NaN,2000,5,2000,2000,0,1,511051729
famp4,SmallRun,NaN,2000,6,2000,2000,0,1,511061729
famp4,SmallRun,NaN,2000,7,2000,2000,0,1,511071729
famp4,SmallRun,NaN,2000,8,2000,2000,0,1,511081729
famp4,SmallRun,NaN,2000,9,2000,2000,0,1,511091729
famp4,SmallRun,NaN,2000,10,2000,2000,0,1,511101729
famp4,SmallRun,NaN,2000,11,2000,2000,0,1,511111729
famp4,SmallRun,NaN,2000,12,2000,2000,0,1,511121729
famp4,SmallRun,NaN,2000,13,2000,2000,0,1,511131729
famp4,SmallRun,NaN,2000,14,2000,2000,0,1,511141729
famp4,SmallRun,NaN,2000,15,2000,2000,0,1,511151729
famp4,SmallRun,NaN,2000,16,2000,2000,0,1,511161729
famp4,SmallRun,NaN,2000,17,2000,2000,0,1,511171729
famp4,SmallRun,NaN,2000,18,2000,2000,0,1,511181729
famp4,SmallRun,NaN,2000,19,2000,2000,0,1,511191729
famp4,SmallRun,NaN,2000,20,2000,2000,0,1,511201729
famp4,SmallRun,NaN,2000,21,2000,2000,0,1,511211729
famp4,SmallRun,NaN,2000,22,2000,2000,0,1,511221729
famp4,SmallRun,NaN,2000,23,2000,2000,0,1,511231729
famp4,SmallRun,NaN,2000,24,2000,2000,0,1,511241729
famp4,SmallRun,NaN,2000,25,2000,2000,0,1,511251729
famp4,SmallRun,NaN,2000,26,2000,2000,0,1,511261729
famp4,SmallRun,NaN,2000,27,2000,2000,0,1,511271729
famp4,SmallRun,NaN,2000,28,2000,2000,0,1,511281729
famp4,SmallRun,NaN,2000,29,2000,2000,0,1,511291729
famp4,SmallRun,NaN,2000,30,2000,2000,0,1,511301729
famp5,Reference,1,NaN,NaN,20000,20000,0,1,501001729
famp5,Reference,2,NaN,NaN,20000,20000,0,1,502001729
famp5,Reference,3,NaN,NaN,20000,20000,0,1,503001729
famp5,SmallRun,NaN,20,1,20,20,0,1,601011729
famp5,SmallRun,NaN,20,2,20,20,0,1,601021729
famp5,SmallRun,NaN,20,3,20,20,0,1,601031729
famp5,SmallRun,NaN,20,4,20,20,0,1,601041729
famp5,SmallRun,NaN,20,5,20,20,0,1,601051729
famp5,SmallRun,NaN,20,6,20,20,0,1,601061729
famp5,SmallRun,NaN,20,7,20,20,0,1,601071729
famp5,SmallRun,NaN,20,8,20,20,0,1,601081729
famp5,SmallRun,NaN,20,9,20,20,0,1,601091729
famp5,SmallRun,NaN,20,10,20,20,0,1,601101729
famp5,SmallRun,NaN,20,11,20,20,0,1,601111729
famp5,SmallRun,NaN,20,12,20,20,0,1,601121729
famp5,SmallRun,NaN,20,13,20,20,0,1,601131729
famp5,SmallRun,NaN,20,14,20,20,0,1,601141729
famp5,SmallRun,NaN,20,15,20,20,0,1,601151729
famp5,SmallRun,NaN,20,16,20,20,0,1,601161729
famp5,SmallRun,NaN,20,17,20,20,0,1,601171729
famp5,SmallRun,NaN,20,18,20,20,0,1,601181729
famp5,SmallRun,NaN,20,19,20,20,0,1,601191729
famp5,SmallRun,NaN,20,20,20,20,0,1,601201729
famp5,SmallRun,NaN,20,21,20,20,0,1,601211729
famp5,SmallRun,NaN,20,22,20,20,0,1,601221729
famp5,SmallRun,NaN,20,23,20,20,0,1,601231729
famp5,SmallRun,NaN,20,24,20,20,0,1,601241729
famp5,SmallRun,NaN,20,25,20,20,0,1,601251729
famp5,SmallRun,NaN,20,26,20,20,0,1,601261729
famp5,SmallRun,NaN,20,27,20,20,0,1,601271729
famp5,SmallRun,NaN,20,28,20,20,0,1,601281729
famp5,SmallRun,NaN,20,29,20,20,0,1,601291729
famp5,SmallRun,NaN,20,30,20,20,0,1,601301729
famp5,SmallRun,NaN,50,1,50,50,0,1,602011729
famp5,SmallRun,NaN,50,2,50,50,0,1,602021729
famp5,SmallRun,NaN,50,3,50,50,0,1,602031729
famp5,SmallRun,NaN,50,4,50,50,0,1,602041729
famp5,SmallRun,NaN,50,5,50,50,0,1,602051729
famp5,SmallRun,NaN,50,6,50,50,0,1,602061729
famp5,SmallRun,NaN,50,7,50,50,0,1,602071729
famp5,SmallRun,NaN,50,8,50,50,0,1,602081729
famp5,SmallRun,NaN,50,9,50,50,0,1,602091729
famp5,SmallRun,NaN,50,10,50,50,0,1,602101729
famp5,SmallRun,NaN,50,11,50,50,0,1,602111729
famp5,SmallRun,NaN,50,12,50,50,0,1,602121729
famp5,SmallRun,NaN,50,13,50,50,0,1,602131729
famp5,SmallRun,NaN,50,14,50,50,0,1,602141729
famp5,SmallRun,NaN,50,15,50,50,0,1,602151729
famp5,SmallRun,NaN,50,16,50,50,0,1,602161729
famp5,SmallRun,NaN,50,17,50,50,0,1,602171729
famp5,SmallRun,NaN,50,18,50,50,0,1,602181729
famp5,SmallRun,NaN,50,19,50,50,0,1,602191729
famp5,SmallRun,NaN,50,20,50,50,0,1,602201729
famp5,SmallRun,NaN,50,21,50,50,0,1,602211729
famp5,SmallRun,NaN,50,22,50,50,0,1,602221729
famp5,SmallRun,NaN,50,23,50,50,0,1,602231729
famp5,SmallRun,NaN,50,24,50,50,0,1,602241729
famp5,SmallRun,NaN,50,25,50,50,0,1,602251729
famp5,SmallRun,NaN,50,26,50,50,0,1,602261729
famp5,SmallRun,NaN,50,27,50,50,0,1,602271729
famp5,SmallRun,NaN,50,28,50,50,0,1,602281729
famp5,SmallRun,NaN,50,29,50,50,0,1,602291729
famp5,SmallRun,NaN,50,30,50,50,0,1,602301729
famp5,SmallRun,NaN,100,1,100,100,0,1,603011729
famp5,SmallRun,NaN,100,2,100,100,0,1,603021729
famp5,SmallRun,NaN,100,3,100,100,0,1,603031729
famp5,SmallRun,NaN,100,4,100,100,0,1,603041729
famp5,SmallRun,NaN,100,5,100,100,0,1,603051729
famp5,SmallRun,NaN,100,6,100,100,0,1,603061729
famp5,SmallRun,NaN,100,7,100,100,0,1,603071729
famp5,SmallRun,NaN,100,8,100,100,0,1,603081729
famp5,SmallRun,NaN,100,9,100,100,0,1,603091729
famp5,SmallRun,NaN,100,10,100,100,0,1,603101729
famp5,SmallRun,NaN,100,11,100,100,0,1,603111729
famp5,SmallRun,NaN,100,12,100,100,0,1,603121729
famp5,SmallRun,NaN,100,13,100,100,0,1,603131729
famp5,SmallRun,NaN,100,14,100,100,0,1,603141729
famp5,SmallRun,NaN,100,15,100,100,0,1,603151729
famp5,SmallRun,NaN,100,16,100,100,0,1,603161729
famp5,SmallRun,NaN,100,17,100,100,0,1,603171729
famp5,SmallRun,NaN,100,18,100,100,0,1,603181729
famp5,SmallRun,NaN,100,19,100,100,0,1,603191729
famp5,SmallRun,NaN,100,20,100,100,0,1,603201729
famp5,SmallRun,NaN,100,21,100,100,0,1,603211729
famp5,SmallRun,NaN,100,22,100,100,0,1,603221729
famp5,SmallRun,NaN,100,23,100,100,0,1,603231729
famp5,SmallRun,NaN,100,24,100,100,0,1,603241729
famp5,SmallRun,NaN,100,25,100,100,0,1,603251729
famp5,SmallRun,NaN,100,26,100,100,0,1,603261729
famp5,SmallRun,NaN,100,27,100,100,0,1,603271729
famp5,SmallRun,NaN,100,28,100,100,0,1,603281729
famp5,SmallRun,NaN,100,29,100,100,0,1,603291729
famp5,SmallRun,NaN,100,30,100,100,0,1,603301729
famp5,SmallRun,NaN,200,1,200,200,0,1,604011729
famp5,SmallRun,NaN,200,2,200,200,0,1,604021729
famp5,SmallRun,NaN,200,3,200,200,0,1,604031729
famp5,SmallRun,NaN,200,4,200,200,0,1,604041729
famp5,SmallRun,NaN,200,5,200,200,0,1,604051729
famp5,SmallRun,NaN,200,6,200,200,0,1,604061729
famp5,SmallRun,NaN,200,7,200,200,0,1,604071729
famp5,SmallRun,NaN,200,8,200,200,0,1,604081729
famp5,SmallRun,NaN,200,9,200,200,0,1,604091729
famp5,SmallRun,NaN,200,10,200,200,0,1,604101729
famp5,SmallRun,NaN,200,11,200,200,0,1,604111729
famp5,SmallRun,NaN,200,12,200,200,0,1,604121729
famp5,SmallRun,NaN,200,13,200,200,0,1,604131729
famp5,SmallRun,NaN,200,14,200,200,0,1,604141729
famp5,SmallRun,NaN,200,15,200,200,0,1,604151729
famp5,SmallRun,NaN,200,16,200,200,0,1,604161729
famp5,SmallRun,NaN,200,17,200,200,0,1,604171729
famp5,SmallRun,NaN,200,18,200,200,0,1,604181729
famp5,SmallRun,NaN,200,19,200,200,0,1,604191729
famp5,SmallRun,NaN,200,20,200,200,0,1,604201729
famp5,SmallRun,NaN,200,21,200,200,0,1,604211729
famp5,SmallRun,NaN,200,22,200,200,0,1,604221729
famp5,SmallRun,NaN,200,23,200,200,0,1,604231729
famp5,SmallRun,NaN,200,24,200,200,0,1,604241729
famp5,SmallRun,NaN,200,25,200,200,0,1,604251729
famp5,SmallRun,NaN,200,26,200,200,0,1,604261729
famp5,SmallRun,NaN,200,27,200,200,0,1,604271729
famp5,SmallRun,NaN,200,28,200,200,0,1,604281729
famp5,SmallRun,NaN,200,29,200,200,0,1,604291729
famp5,SmallRun,NaN,200,30,200,200,0,1,604301729
famp5,SmallRun,NaN,300,1,300,300,0,1,605011729
famp5,SmallRun,NaN,300,2,300,300,0,1,605021729
famp5,SmallRun,NaN,300,3,300,300,0,1,605031729
famp5,SmallRun,NaN,300,4,300,300,0,1,605041729
famp5,SmallRun,NaN,300,5,300,300,0,1,605051729
famp5,SmallRun,NaN,300,6,300,300,0,1,605061729
famp5,SmallRun,NaN,300,7,300,300,0,1,605071729
famp5,SmallRun,NaN,300,8,300,300,0,1,605081729
famp5,SmallRun,NaN,300,9,300,300,0,1,605091729
famp5,SmallRun,NaN,300,10,300,300,0,1,605101729
famp5,SmallRun,NaN,300,11,300,300,0,1,605111729
famp5,SmallRun,NaN,300,12,300,300,0,1,605121729
famp5,SmallRun,NaN,300,13,300,300,0,1,605131729
famp5,SmallRun,NaN,300,14,300,300,0,1,605141729
famp5,SmallRun,NaN,300,15,300,300,0,1,605151729
famp5,SmallRun,NaN,300,16,300,300,0,1,605161729
famp5,SmallRun,NaN,300,17,300,300,0,1,605171729
famp5,SmallRun,NaN,300,18,300,300,0,1,605181729
famp5,SmallRun,NaN,300,19,300,300,0,1,605191729
famp5,SmallRun,NaN,300,20,300,300,0,1,605201729
famp5,SmallRun,NaN,300,21,300,300,0,1,605211729
famp5,SmallRun,NaN,300,22,300,300,0,1,605221729
famp5,SmallRun,NaN,300,23,300,300,0,1,605231729
famp5,SmallRun,NaN,300,24,300,300,0,1,605241729
famp5,SmallRun,NaN,300,25,300,300,0,1,605251729
famp5,SmallRun,NaN,300,26,300,300,0,1,605261729
famp5,SmallRun,NaN,300,27,300,300,0,1,605271729
famp5,SmallRun,NaN,300,28,300,300,0,1,605281729
famp5,SmallRun,NaN,300,29,300,300,0,1,605291729
famp5,SmallRun,NaN,300,30,300,300,0,1,605301729
famp5,SmallRun,NaN,400,1,400,400,0,1,606011729
famp5,SmallRun,NaN,400,2,400,400,0,1,606021729
famp5,SmallRun,NaN,400,3,400,400,0,1,606031729
famp5,SmallRun,NaN,400,4,400,400,0,1,606041729
famp5,SmallRun,NaN,400,5,400,400,0,1,606051729
famp5,SmallRun,NaN,400,6,400,400,0,1,606061729
famp5,SmallRun,NaN,400,7,400,400,0,1,606071729
famp5,SmallRun,NaN,400,8,400,400,0,1,606081729
famp5,SmallRun,NaN,400,9,400,400,0,1,606091729
famp5,SmallRun,NaN,400,10,400,400,0,1,606101729
famp5,SmallRun,NaN,400,11,400,400,0,1,606111729
famp5,SmallRun,NaN,400,12,400,400,0,1,606121729
famp5,SmallRun,NaN,400,13,400,400,0,1,606131729
famp5,SmallRun,NaN,400,14,400,400,0,1,606141729
famp5,SmallRun,NaN,400,15,400,400,0,1,606151729
famp5,SmallRun,NaN,400,16,400,400,0,1,606161729
famp5,SmallRun,NaN,400,17,400,400,0,1,606171729
famp5,SmallRun,NaN,400,18,400,400,0,1,606181729
famp5,SmallRun,NaN,400,19,400,400,0,1,606191729
famp5,SmallRun,NaN,400,20,400,400,0,1,606201729
famp5,SmallRun,NaN,400,21,400,400,0,1,606211729
famp5,SmallRun,NaN,400,22,400,400,0,1,606221729
famp5,SmallRun,NaN,400,23,400,400,0,1,606231729
famp5,SmallRun,NaN,400,24,400,400,0,1,606241729
famp5,SmallRun,NaN,400,25,400,400,0,1,606251729
famp5,SmallRun,NaN,400,26,400,400,0,1,606261729
famp5,SmallRun,NaN,400,27,400,400,0,1,606271729
famp5,SmallRun,NaN,400,28,400,400,0,1,606281729
famp5,SmallRun,NaN,400,29,400,400,0,1,606291729
famp5,SmallRun,NaN,400,30,400,400,0,1,606301729
famp5,SmallRun,NaN,500,1,500,500,0,1,607011729
famp5,SmallRun,NaN,500,2,500,500,0,1,607021729
famp5,SmallRun,NaN,500,3,500,500,0,1,607031729
famp5,SmallRun,NaN,500,4,500,500,0,1,607041729
famp5,SmallRun,NaN,500,5,500,500,0,1,607051729
famp5,SmallRun,NaN,500,6,500,500,0,1,607061729
famp5,SmallRun,NaN,500,7,500,500,0,1,607071729
famp5,SmallRun,NaN,500,8,500,500,0,1,607081729
famp5,SmallRun,NaN,500,9,500,500,0,1,607091729
famp5,SmallRun,NaN,500,10,500,500,0,1,607101729
famp5,SmallRun,NaN,500,11,500,500,0,1,607111729
famp5,SmallRun,NaN,500,12,500,500,0,1,607121729
famp5,SmallRun,NaN,500,13,500,500,0,1,607131729
famp5,SmallRun,NaN,500,14,500,500,0,1,607141729
famp5,SmallRun,NaN,500,15,500,500,0,1,607151729
famp5,SmallRun,NaN,500,16,500,500,0,1,607161729
famp5,SmallRun,NaN,500,17,500,500,0,1,607171729
famp5,SmallRun,NaN,500,18,500,500,0,1,607181729
famp5,SmallRun,NaN,500,19,500,500,0,1,607191729
famp5,SmallRun,NaN,500,20,500,500,0,1,607201729
famp5,SmallRun,NaN,500,21,500,500,0,1,607211729
famp5,SmallRun,NaN,500,22,500,500,0,1,607221729
famp5,SmallRun,NaN,500,23,500,500,0,1,607231729
famp5,SmallRun,NaN,500,24,500,500,0,1,607241729
famp5,SmallRun,NaN,500,25,500,500,0,1,607251729
famp5,SmallRun,NaN,500,26,500,500,0,1,607261729
famp5,SmallRun,NaN,500,27,500,500,0,1,607271729
famp5,SmallRun,NaN,500,28,500,500,0,1,607281729
famp5,SmallRun,NaN,500,29,500,500,0,1,607291729
famp5,SmallRun,NaN,500,30,500,500,0,1,607301729
famp5,SmallRun,NaN,750,1,750,750,0,1,608011729
famp5,SmallRun,NaN,750,2,750,750,0,1,608021729
famp5,SmallRun,NaN,750,3,750,750,0,1,608031729
famp5,SmallRun,NaN,750,4,750,750,0,1,608041729
famp5,SmallRun,NaN,750,5,750,750,0,1,608051729
famp5,SmallRun,NaN,750,6,750,750,0,1,608061729
famp5,SmallRun,NaN,750,7,750,750,0,1,608071729
famp5,SmallRun,NaN,750,8,750,750,0,1,608081729
famp5,SmallRun,NaN,750,9,750,750,0,1,608091729
famp5,SmallRun,NaN,750,10,750,750,0,1,608101729
famp5,SmallRun,NaN,750,11,750,750,0,1,608111729
famp5,SmallRun,NaN,750,12,750,750,0,1,608121729
famp5,SmallRun,NaN,750,13,750,750,0,1,608131729
famp5,SmallRun,NaN,750,14,750,750,0,1,608141729
famp5,SmallRun,NaN,750,15,750,750,0,1,608151729
famp5,SmallRun,NaN,750,16,750,750,0,1,608161729
famp5,SmallRun,NaN,750,17,750,750,0,1,608171729
famp5,SmallRun,NaN,750,18,750,750,0,1,608181729
famp5,SmallRun,NaN,750,19,750,750,0,1,608191729
famp5,SmallRun,NaN,750,20,750,750,0,1,608201729
famp5,SmallRun,NaN,750,21,750,750,0,1,608211729
famp5,SmallRun,NaN,750,22,750,750,0,1,608221729
famp5,SmallRun,NaN,750,23,750,750,0,1,608231729
famp5,SmallRun,NaN,750,24,750,750,0,1,608241729
famp5,SmallRun,NaN,750,25,750,750,0,1,608251729
famp5,SmallRun,NaN,750,26,750,750,0,1,608261729
famp5,SmallRun,NaN,750,27,750,750,0,1,608271729
famp5,SmallRun,NaN,750,28,750,750,0,1,608281729
famp5,SmallRun,NaN,750,29,750,750,0,1,608291729
famp5,SmallRun,NaN,750,30,750,750,0,1,608301729
famp5,SmallRun,NaN,1000,1,1000,1000,0,1,609011729
famp5,SmallRun,NaN,1000,2,1000,1000,0,1,609021729
famp5,SmallRun,NaN,1000,3,1000,1000,0,1,609031729
famp5,SmallRun,NaN,1000,4,1000,1000,0,1,609041729
famp5,SmallRun,NaN,1000,5,1000,1000,0,1,609051729
famp5,SmallRun,NaN,1000,6,1000,1000,0,1,609061729
famp5,SmallRun,NaN,1000,7,1000,1000,0,1,609071729
famp5,SmallRun,NaN,1000,8,1000,1000,0,1,609081729
famp5,SmallRun,NaN,1000,9,1000,1000,0,1,609091729
famp5,SmallRun,NaN,1000,10,1000,1000,0,1,609101729
famp5,SmallRun,NaN,1000,11,1000,1000,0,1,609111729
famp5,SmallRun,NaN,1000,12,1000,1000,0,1,609121729
famp5,SmallRun,NaN,1000,13,1000,1000,0,1,609131729
famp5,SmallRun,NaN,1000,14,1000,1000,0,1,609141729
famp5,SmallRun,NaN,1000,15,1000,1000,0,1,609151729
famp5,SmallRun,NaN,1000,16,1000,1000,0,1,609161729
famp5,SmallRun,NaN,1000,17,1000,1000,0,1,609171729
famp5,SmallRun,NaN,1000,18,1000,1000,0,1,609181729
famp5,SmallRun,NaN,1000,19,1000,1000,0,1,609191729
famp5,SmallRun,NaN,1000,20,1000,1000,0,1,609201729
famp5,SmallRun,NaN,1000,21,1000,1000,0,1,609211729
famp5,SmallRun,NaN,1000,22,1000,1000,0,1,609221729
famp5,SmallRun,NaN,1000,23,1000,1000,0,1,609231729
famp5,SmallRun,NaN,1000,24,1000,1000,0,1,609241729
famp5,SmallRun,NaN,1000,25,1000,1000,0,1,609251729
famp5,SmallRun,NaN,1000,26,1000,1000,0,1,609261729
famp5,SmallRun,NaN,1000,27,1000,1000,0,1,609271729
famp5,SmallRun,NaN,1000,28,1000,1000,0,1,609281729
famp5,SmallRun,NaN,1000,29,1000,1000,0,1,609291729
famp5,SmallRun,NaN,1000,30,1000,1000,0,1,609301729
famp5,SmallRun,NaN,1500,1,1500,1500,0,1,610011729
famp5,SmallRun,NaN,1500,2,1500,1500,0,1,610021729
famp5,SmallRun,NaN,1500,3,1500,1500,0,1,610031729
famp5,SmallRun,NaN,1500,4,1500,1500,0,1,610041729
famp5,SmallRun,NaN,1500,5,1500,1500,0,1,610051729
famp5,SmallRun,NaN,1500,6,1500,1500,0,1,610061729
famp5,SmallRun,NaN,1500,7,1500,1500,0,1,610071729
famp5,SmallRun,NaN,1500,8,1500,1500,0,1,610081729
famp5,SmallRun,NaN,1500,9,1500,1500,0,1,610091729
famp5,SmallRun,NaN,1500,10,1500,1500,0,1,610101729
famp5,SmallRun,NaN,1500,11,1500,1500,0,1,610111729
famp5,SmallRun,NaN,1500,12,1500,1500,0,1,610121729
famp5,SmallRun,NaN,1500,13,1500,1500,0,1,610131729
famp5,SmallRun,NaN,1500,14,1500,1500,0,1,610141729
famp5,SmallRun,NaN,1500,15,1500,1500,0,1,610151729
famp5,SmallRun,NaN,1500,16,1500,1500,0,1,610161729
famp5,SmallRun,NaN,1500,17,1500,1500,0,1,610171729
famp5,SmallRun,NaN,1500,18,1500,1500,0,1,610181729
famp5,SmallRun,NaN,1500,19,1500,1500,0,1,610191729
famp5,SmallRun,NaN,1500,20,1500,1500,0,1,610201729
famp5,SmallRun,NaN,1500,21,1500,1500,0,1,610211729
famp5,SmallRun,NaN,1500,22,1500,1500,0,1,610221729
famp5,SmallRun,NaN,1500,23,1500,1500,0,1,610231729
famp5,SmallRun,NaN,1500,24,1500,1500,0,1,610241729
famp5,SmallRun,NaN,1500,25,1500,1500,0,1,610251729
famp5,SmallRun,NaN,1500,26,1500,1500,0,1,610261729
famp5,SmallRun,NaN,1500,27,1500,1500,0,1,610271729
famp5,SmallRun,NaN,1500,28,1500,1500,0,1,610281729
famp5,SmallRun,NaN,1500,29,1500,1500,0,1,610291729
famp5,SmallRun,NaN,1500,30,1500,1500,0,1,610301729
famp5,SmallRun,NaN,2000,1,2000,2000,0,1,611011729
famp5,SmallRun,NaN,2000,2,2000,2000,0,1,611021729
famp5,SmallRun,NaN,2000,3,2000,2000,0,1,611031729
famp5,SmallRun,NaN,2000,4,2000,2000,0,1,611041729
famp5,SmallRun,NaN,2000,5,2000,2000,0,1,611051729
famp5,SmallRun,NaN,2000,6,2000,2000,0,1,611061729
famp5,SmallRun,NaN,2000,7,2000,2000,0,1,611071729
famp5,SmallRun,NaN,2000,8,2000,2000,0,1,611081729
famp5,SmallRun,NaN,2000,9,2000,2000,0,1,611091729
famp5,SmallRun,NaN,2000,10,2000,2000,0,1,611101729
famp5,SmallRun,NaN,2000,11,2000,2000,0,1,611111729
famp5,SmallRun,NaN,2000,12,2000,2000,0,1,611121729
famp5,SmallRun,NaN,2000,13,2000,2000,0,1,611131729
famp5,SmallRun,NaN,2000,14,2000,2000,0,1,611141729
famp5,SmallRun,NaN,2000,15,2000,2000,0,1,611151729
famp5,SmallRun,NaN,2000,16,2000,2000,0,1,611161729
famp5,SmallRun,NaN,2000,17,2000,2000,0,1,611171729
famp5,SmallRun,NaN,2000,18,2000,2000,0,1,611181729
famp5,SmallRun,NaN,2000,19,2000,2000,0,1,611191729
famp5,SmallRun,NaN,2000,20,2000,2000,0,1,611201729
famp5,SmallRun,NaN,2000,21,2000,2000,0,1,611211729
famp5,SmallRun,NaN,2000,22,2000,2000,0,1,611221729
famp5,SmallRun,NaN,2000,23,2000,2000,0,1,611231729
famp5,SmallRun,NaN,2000,24,2000,2000,0,1,611241729
famp5,SmallRun,NaN,2000,25,2000,2000,0,1,611251729
famp5,SmallRun,NaN,2000,26,2000,2000,0,1,611261729
famp5,SmallRun,NaN,2000,27,2000,2000,0,1,611271729
famp5,SmallRun,NaN,2000,28,2000,2000,0,1,611281729
famp5,SmallRun,NaN,2000,29,2000,2000,0,1,611291729
famp5,SmallRun,NaN,2000,30,2000,2000,0,1,611301729
famp6,Reference,1,NaN,NaN,20000,20000,0,1,601001729
famp6,Reference,2,NaN,NaN,20000,20000,0,1,602001729
famp6,Reference,3,NaN,NaN,20000,20000,0,1,603001729
famp6,SmallRun,NaN,20,1,20,20,0,1,701011729
famp6,SmallRun,NaN,20,2,20,20,0,1,701021729
famp6,SmallRun,NaN,20,3,20,20,0,1,701031729
famp6,SmallRun,NaN,20,4,20,20,0,1,701041729
famp6,SmallRun,NaN,20,5,20,20,0,1,701051729
famp6,SmallRun,NaN,20,6,20,20,0,1,701061729
famp6,SmallRun,NaN,20,7,20,20,0,1,701071729
famp6,SmallRun,NaN,20,8,20,20,0,1,701081729
famp6,SmallRun,NaN,20,9,20,20,0,1,701091729
famp6,SmallRun,NaN,20,10,20,20,0,1,701101729
famp6,SmallRun,NaN,20,11,20,20,0,1,701111729
famp6,SmallRun,NaN,20,12,20,20,0,1,701121729
famp6,SmallRun,NaN,20,13,20,20,0,1,701131729
famp6,SmallRun,NaN,20,14,20,20,0,1,701141729
famp6,SmallRun,NaN,20,15,20,20,0,1,701151729
famp6,SmallRun,NaN,20,16,20,20,0,1,701161729
famp6,SmallRun,NaN,20,17,20,20,0,1,701171729
famp6,SmallRun,NaN,20,18,20,20,0,1,701181729
famp6,SmallRun,NaN,20,19,20,20,0,1,701191729
famp6,SmallRun,NaN,20,20,20,20,0,1,701201729
famp6,SmallRun,NaN,20,21,20,20,0,1,701211729
famp6,SmallRun,NaN,20,22,20,20,0,1,701221729
famp6,SmallRun,NaN,20,23,20,20,0,1,701231729
famp6,SmallRun,NaN,20,24,20,20,0,1,701241729
famp6,SmallRun,NaN,20,25,20,20,0,1,701251729
famp6,SmallRun,NaN,20,26,20,20,0,1,701261729
famp6,SmallRun,NaN,20,27,20,20,0,1,701271729
famp6,SmallRun,NaN,20,28,20,20,0,1,701281729
famp6,SmallRun,NaN,20,29,20,20,0,1,701291729
famp6,SmallRun,NaN,20,30,20,20,0,1,701301729
famp6,SmallRun,NaN,50,1,50,50,0,1,702011729
famp6,SmallRun,NaN,50,2,50,50,0,1,702021729
famp6,SmallRun,NaN,50,3,50,50,0,1,702031729
famp6,SmallRun,NaN,50,4,50,50,0,1,702041729
famp6,SmallRun,NaN,50,5,50,50,0,1,702051729
famp6,SmallRun,NaN,50,6,50,50,0,1,702061729
famp6,SmallRun,NaN,50,7,50,50,0,1,702071729
famp6,SmallRun,NaN,50,8,50,50,0,1,702081729
famp6,SmallRun,NaN,50,9,50,50,0,1,702091729
famp6,SmallRun,NaN,50,10,50,50,0,1,702101729
famp6,SmallRun,NaN,50,11,50,50,0,1,702111729
famp6,SmallRun,NaN,50,12,50,50,0,1,702121729
famp6,SmallRun,NaN,50,13,50,50,0,1,702131729
famp6,SmallRun,NaN,50,14,50,50,0,1,702141729
famp6,SmallRun,NaN,50,15,50,50,0,1,702151729
famp6,SmallRun,NaN,50,16,50,50,0,1,702161729
famp6,SmallRun,NaN,50,17,50,50,0,1,702171729
famp6,SmallRun,NaN,50,18,50,50,0,1,702181729
famp6,SmallRun,NaN,50,19,50,50,0,1,702191729
famp6,SmallRun,NaN,50,20,50,50,0,1,702201729
famp6,SmallRun,NaN,50,21,50,50,0,1,702211729
famp6,SmallRun,NaN,50,22,50,50,0,1,702221729
famp6,SmallRun,NaN,50,23,50,50,0,1,702231729
famp6,SmallRun,NaN,50,24,50,50,0,1,702241729
famp6,SmallRun,NaN,50,25,50,50,0,1,702251729
famp6,SmallRun,NaN,50,26,50,50,0,1,702261729
famp6,SmallRun,NaN,50,27,50,50,0,1,702271729
famp6,SmallRun,NaN,50,28,50,50,0,1,702281729
famp6,SmallRun,NaN,50,29,50,50,0,1,702291729
famp6,SmallRun,NaN,50,30,50,50,0,1,702301729
famp6,SmallRun,NaN,100,1,100,100,0,1,703011729
famp6,SmallRun,NaN,100,2,100,100,0,1,703021729
famp6,SmallRun,NaN,100,3,100,100,0,1,703031729
famp6,SmallRun,NaN,100,4,100,100,0,1,703041729
famp6,SmallRun,NaN,100,5,100,100,0,1,703051729
famp6,SmallRun,NaN,100,6,100,100,0,1,703061729
famp6,SmallRun,NaN,100,7,100,100,0,1,703071729
famp6,SmallRun,NaN,100,8,100,100,0,1,703081729
famp6,SmallRun,NaN,100,9,100,100,0,1,703091729
famp6,SmallRun,NaN,100,10,100,100,0,1,703101729
famp6,SmallRun,NaN,100,11,100,100,0,1,703111729
famp6,SmallRun,NaN,100,12,100,100,0,1,703121729
famp6,SmallRun,NaN,100,13,100,100,0,1,703131729
famp6,SmallRun,NaN,100,14,100,100,0,1,703141729
famp6,SmallRun,NaN,100,15,100,100,0,1,703151729
famp6,SmallRun,NaN,100,16,100,100,0,1,703161729
famp6,SmallRun,NaN,100,17,100,100,0,1,703171729
famp6,SmallRun,NaN,100,18,100,100,0,1,703181729
famp6,SmallRun,NaN,100,19,100,100,0,1,703191729
famp6,SmallRun,NaN,100,20,100,100,0,1,703201729
famp6,SmallRun,NaN,100,21,100,100,0,1,703211729
famp6,SmallRun,NaN,100,22,100,100,0,1,703221729
famp6,SmallRun,NaN,100,23,100,100,0,1,703231729
famp6,SmallRun,NaN,100,24,100,100,0,1,703241729
famp6,SmallRun,NaN,100,25,100,100,0,1,703251729
famp6,SmallRun,NaN,100,26,100,100,0,1,703261729
famp6,SmallRun,NaN,100,27,100,100,0,1,703271729
famp6,SmallRun,NaN,100,28,100,100,0,1,703281729
famp6,SmallRun,NaN,100,29,100,100,0,1,703291729
famp6,SmallRun,NaN,100,30,100,100,0,1,703301729
famp6,SmallRun,NaN,200,1,200,200,0,1,704011729
famp6,SmallRun,NaN,200,2,200,200,0,1,704021729
famp6,SmallRun,NaN,200,3,200,200,0,1,704031729
famp6,SmallRun,NaN,200,4,200,200,0,1,704041729
famp6,SmallRun,NaN,200,5,200,200,0,1,704051729
famp6,SmallRun,NaN,200,6,200,200,0,1,704061729
famp6,SmallRun,NaN,200,7,200,200,0,1,704071729
famp6,SmallRun,NaN,200,8,200,200,0,1,704081729
famp6,SmallRun,NaN,200,9,200,200,0,1,704091729
famp6,SmallRun,NaN,200,10,200,200,0,1,704101729
famp6,SmallRun,NaN,200,11,200,200,0,1,704111729
famp6,SmallRun,NaN,200,12,200,200,0,1,704121729
famp6,SmallRun,NaN,200,13,200,200,0,1,704131729
famp6,SmallRun,NaN,200,14,200,200,0,1,704141729
famp6,SmallRun,NaN,200,15,200,200,0,1,704151729
famp6,SmallRun,NaN,200,16,200,200,0,1,704161729
famp6,SmallRun,NaN,200,17,200,200,0,1,704171729
famp6,SmallRun,NaN,200,18,200,200,0,1,704181729
famp6,SmallRun,NaN,200,19,200,200,0,1,704191729
famp6,SmallRun,NaN,200,20,200,200,0,1,704201729
famp6,SmallRun,NaN,200,21,200,200,0,1,704211729
famp6,SmallRun,NaN,200,22,200,200,0,1,704221729
famp6,SmallRun,NaN,200,23,200,200,0,1,704231729
famp6,SmallRun,NaN,200,24,200,200,0,1,704241729
famp6,SmallRun,NaN,200,25,200,200,0,1,704251729
famp6,SmallRun,NaN,200,26,200,200,0,1,704261729
famp6,SmallRun,NaN,200,27,200,200,0,1,704271729
famp6,SmallRun,NaN,200,28,200,200,0,1,704281729
famp6,SmallRun,NaN,200,29,200,200,0,1,704291729
famp6,SmallRun,NaN,200,30,200,200,0,1,704301729
famp6,SmallRun,NaN,300,1,300,300,0,1,705011729
famp6,SmallRun,NaN,300,2,300,300,0,1,705021729
famp6,SmallRun,NaN,300,3,300,300,0,1,705031729
famp6,SmallRun,NaN,300,4,300,300,0,1,705041729
famp6,SmallRun,NaN,300,5,300,300,0,1,705051729
famp6,SmallRun,NaN,300,6,300,300,0,1,705061729
famp6,SmallRun,NaN,300,7,300,300,0,1,705071729
famp6,SmallRun,NaN,300,8,300,300,0,1,705081729
famp6,SmallRun,NaN,300,9,300,300,0,1,705091729
famp6,SmallRun,NaN,300,10,300,300,0,1,705101729
famp6,SmallRun,NaN,300,11,300,300,0,1,705111729
famp6,SmallRun,NaN,300,12,300,300,0,1,705121729
famp6,SmallRun,NaN,300,13,300,300,0,1,705131729
famp6,SmallRun,NaN,300,14,300,300,0,1,705141729
famp6,SmallRun,NaN,300,15,300,300,0,1,705151729
famp6,SmallRun,NaN,300,16,300,300,0,1,705161729
famp6,SmallRun,NaN,300,17,300,300,0,1,705171729
famp6,SmallRun,NaN,300,18,300,300,0,1,705181729
famp6,SmallRun,NaN,300,19,300,300,0,1,705191729
famp6,SmallRun,NaN,300,20,300,300,0,1,705201729
famp6,SmallRun,NaN,300,21,300,300,0,1,705211729
famp6,SmallRun,NaN,300,22,300,300,0,1,705221729
famp6,SmallRun,NaN,300,23,300,300,0,1,705231729
famp6,SmallRun,NaN,300,24,300,300,0,1,705241729
famp6,SmallRun,NaN,300,25,300,300,0,1,705251729
famp6,SmallRun,NaN,300,26,300,300,0,1,705261729
famp6,SmallRun,NaN,300,27,300,300,0,1,705271729
famp6,SmallRun,NaN,300,28,300,300,0,1,705281729
famp6,SmallRun,NaN,300,29,300,300,0,1,705291729
famp6,SmallRun,NaN,300,30,300,300,0,1,705301729
famp6,SmallRun,NaN,400,1,400,400,0,1,706011729
famp6,SmallRun,NaN,400,2,400,400,0,1,706021729
famp6,SmallRun,NaN,400,3,400,400,0,1,706031729
famp6,SmallRun,NaN,400,4,400,400,0,1,706041729
famp6,SmallRun,NaN,400,5,400,400,0,1,706051729
famp6,SmallRun,NaN,400,6,400,400,0,1,706061729
famp6,SmallRun,NaN,400,7,400,400,0,1,706071729
famp6,SmallRun,NaN,400,8,400,400,0,1,706081729
famp6,SmallRun,NaN,400,9,400,400,0,1,706091729
famp6,SmallRun,NaN,400,10,400,400,0,1,706101729
famp6,SmallRun,NaN,400,11,400,400,0,1,706111729
famp6,SmallRun,NaN,400,12,400,400,0,1,706121729
famp6,SmallRun,NaN,400,13,400,400,0,1,706131729
famp6,SmallRun,NaN,400,14,400,400,0,1,706141729
famp6,SmallRun,NaN,400,15,400,400,0,1,706151729
famp6,SmallRun,NaN,400,16,400,400,0,1,706161729
famp6,SmallRun,NaN,400,17,400,400,0,1,706171729
famp6,SmallRun,NaN,400,18,400,400,0,1,706181729
famp6,SmallRun,NaN,400,19,400,400,0,1,706191729
famp6,SmallRun,NaN,400,20,400,400,0,1,706201729
famp6,SmallRun,NaN,400,21,400,400,0,1,706211729
famp6,SmallRun,NaN,400,22,400,400,0,1,706221729
famp6,SmallRun,NaN,400,23,400,400,0,1,706231729
famp6,SmallRun,NaN,400,24,400,400,0,1,706241729
famp6,SmallRun,NaN,400,25,400,400,0,1,706251729
famp6,SmallRun,NaN,400,26,400,400,0,1,706261729
famp6,SmallRun,NaN,400,27,400,400,0,1,706271729
famp6,SmallRun,NaN,400,28,400,400,0,1,706281729
famp6,SmallRun,NaN,400,29,400,400,0,1,706291729
famp6,SmallRun,NaN,400,30,400,400,0,1,706301729
famp6,SmallRun,NaN,500,1,500,500,0,1,707011729
famp6,SmallRun,NaN,500,2,500,500,0,1,707021729
famp6,SmallRun,NaN,500,3,500,500,0,1,707031729
famp6,SmallRun,NaN,500,4,500,500,0,1,707041729
famp6,SmallRun,NaN,500,5,500,500,0,1,707051729
famp6,SmallRun,NaN,500,6,500,500,0,1,707061729
famp6,SmallRun,NaN,500,7,500,500,0,1,707071729
famp6,SmallRun,NaN,500,8,500,500,0,1,707081729
famp6,SmallRun,NaN,500,9,500,500,0,1,707091729
famp6,SmallRun,NaN,500,10,500,500,0,1,707101729
famp6,SmallRun,NaN,500,11,500,500,0,1,707111729
famp6,SmallRun,NaN,500,12,500,500,0,1,707121729
famp6,SmallRun,NaN,500,13,500,500,0,1,707131729
famp6,SmallRun,NaN,500,14,500,500,0,1,707141729
famp6,SmallRun,NaN,500,15,500,500,0,1,707151729
famp6,SmallRun,NaN,500,16,500,500,0,1,707161729
famp6,SmallRun,NaN,500,17,500,500,0,1,707171729
famp6,SmallRun,NaN,500,18,500,500,0,1,707181729
famp6,SmallRun,NaN,500,19,500,500,0,1,707191729
famp6,SmallRun,NaN,500,20,500,500,0,1,707201729
famp6,SmallRun,NaN,500,21,500,500,0,1,707211729
famp6,SmallRun,NaN,500,22,500,500,0,1,707221729
famp6,SmallRun,NaN,500,23,500,500,0,1,707231729
famp6,SmallRun,NaN,500,24,500,500,0,1,707241729
famp6,SmallRun,NaN,500,25,500,500,0,1,707251729
famp6,SmallRun,NaN,500,26,500,500,0,1,707261729
famp6,SmallRun,NaN,500,27,500,500,0,1,707271729
famp6,SmallRun,NaN,500,28,500,500,0,1,707281729
famp6,SmallRun,NaN,500,29,500,500,0,1,707291729
famp6,SmallRun,NaN,500,30,500,500,0,1,707301729
famp6,SmallRun,NaN,750,1,750,750,0,1,708011729
famp6,SmallRun,NaN,750,2,750,750,0,1,708021729
famp6,SmallRun,NaN,750,3,750,750,0,1,708031729
famp6,SmallRun,NaN,750,4,750,750,0,1,708041729
famp6,SmallRun,NaN,750,5,750,750,0,1,708051729
famp6,SmallRun,NaN,750,6,750,750,0,1,708061729
famp6,SmallRun,NaN,750,7,750,750,0,1,708071729
famp6,SmallRun,NaN,750,8,750,750,0,1,708081729
famp6,SmallRun,NaN,750,9,750,750,0,1,708091729
famp6,SmallRun,NaN,750,10,750,750,0,1,708101729
famp6,SmallRun,NaN,750,11,750,750,0,1,708111729
famp6,SmallRun,NaN,750,12,750,750,0,1,708121729
famp6,SmallRun,NaN,750,13,750,750,0,1,708131729
famp6,SmallRun,NaN,750,14,750,750,0,1,708141729
famp6,SmallRun,NaN,750,15,750,750,0,1,708151729
famp6,SmallRun,NaN,750,16,750,750,0,1,708161729
famp6,SmallRun,NaN,750,17,750,750,0,1,708171729
famp6,SmallRun,NaN,750,18,750,750,0,1,708181729
famp6,SmallRun,NaN,750,19,750,750,0,1,708191729
famp6,SmallRun,NaN,750,20,750,750,0,1,708201729
famp6,SmallRun,NaN,750,21,750,750,0,1,708211729
famp6,SmallRun,NaN,750,22,750,750,0,1,708221729
famp6,SmallRun,NaN,750,23,750,750,0,1,708231729
famp6,SmallRun,NaN,750,24,750,750,0,1,708241729
famp6,SmallRun,NaN,750,25,750,750,0,1,708251729
famp6,SmallRun,NaN,750,26,750,750,0,1,708261729
famp6,SmallRun,NaN,750,27,750,750,0,1,708271729
famp6,SmallRun,NaN,750,28,750,750,0,1,708281729
famp6,SmallRun,NaN,750,29,750,750,0,1,708291729
famp6,SmallRun,NaN,750,30,750,750,0,1,708301729
famp6,SmallRun,NaN,1000,1,1000,1000,0,1,709011729
famp6,SmallRun,NaN,1000,2,1000,1000,0,1,709021729
famp6,SmallRun,NaN,1000,3,1000,1000,0,1,709031729
famp6,SmallRun,NaN,1000,4,1000,1000,0,1,709041729
famp6,SmallRun,NaN,1000,5,1000,1000,0,1,709051729
famp6,SmallRun,NaN,1000,6,1000,1000,0,1,709061729
famp6,SmallRun,NaN,1000,7,1000,1000,0,1,709071729
famp6,SmallRun,NaN,1000,8,1000,1000,0,1,709081729
famp6,SmallRun,NaN,1000,9,1000,1000,0,1,709091729
famp6,SmallRun,NaN,1000,10,1000,1000,0,1,709101729
famp6,SmallRun,NaN,1000,11,1000,1000,0,1,709111729
famp6,SmallRun,NaN,1000,12,1000,1000,0,1,709121729
famp6,SmallRun,NaN,1000,13,1000,1000,0,1,709131729
famp6,SmallRun,NaN,1000,14,1000,1000,0,1,709141729
famp6,SmallRun,NaN,1000,15,1000,1000,0,1,709151729
famp6,SmallRun,NaN,1000,16,1000,1000,0,1,709161729
famp6,SmallRun,NaN,1000,17,1000,1000,0,1,709171729
famp6,SmallRun,NaN,1000,18,1000,1000,0,1,709181729
famp6,SmallRun,NaN,1000,19,1000,1000,0,1,709191729
famp6,SmallRun,NaN,1000,20,1000,1000,0,1,709201729
famp6,SmallRun,NaN,1000,21,1000,1000,0,1,709211729
famp6,SmallRun,NaN,1000,22,1000,1000,0,1,709221729
famp6,SmallRun,NaN,1000,23,1000,1000,0,1,709231729
famp6,SmallRun,NaN,1000,24,1000,1000,0,1,709241729
famp6,SmallRun,NaN,1000,25,1000,1000,0,1,709251729
famp6,SmallRun,NaN,1000,26,1000,1000,0,1,709261729
famp6,SmallRun,NaN,1000,27,1000,1000,0,1,709271729
famp6,SmallRun,NaN,1000,28,1000,1000,0,1,709281729
famp6,SmallRun,NaN,1000,29,1000,1000,0,1,709291729
famp6,SmallRun,NaN,1000,30,1000,1000,0,1,709301729
famp6,SmallRun,NaN,1500,1,1500,1500,0,1,710011729
famp6,SmallRun,NaN,1500,2,1500,1500,0,1,710021729
famp6,SmallRun,NaN,1500,3,1500,1500,0,1,710031729
famp6,SmallRun,NaN,1500,4,1500,1500,0,1,710041729
famp6,SmallRun,NaN,1500,5,1500,1500,0,1,710051729
famp6,SmallRun,NaN,1500,6,1500,1500,0,1,710061729
famp6,SmallRun,NaN,1500,7,1500,1500,0,1,710071729
famp6,SmallRun,NaN,1500,8,1500,1500,0,1,710081729
famp6,SmallRun,NaN,1500,9,1500,1500,0,1,710091729
famp6,SmallRun,NaN,1500,10,1500,1500,0,1,710101729
famp6,SmallRun,NaN,1500,11,1500,1500,0,1,710111729
famp6,SmallRun,NaN,1500,12,1500,1500,0,1,710121729
famp6,SmallRun,NaN,1500,13,1500,1500,0,1,710131729
famp6,SmallRun,NaN,1500,14,1500,1500,0,1,710141729
famp6,SmallRun,NaN,1500,15,1500,1500,0,1,710151729
famp6,SmallRun,NaN,1500,16,1500,1500,0,1,710161729
famp6,SmallRun,NaN,1500,17,1500,1500,0,1,710171729
famp6,SmallRun,NaN,1500,18,1500,1500,0,1,710181729
famp6,SmallRun,NaN,1500,19,1500,1500,0,1,710191729
famp6,SmallRun,NaN,1500,20,1500,1500,0,1,710201729
famp6,SmallRun,NaN,1500,21,1500,1500,0,1,710211729
famp6,SmallRun,NaN,1500,22,1500,1500,0,1,710221729
famp6,SmallRun,NaN,1500,23,1500,1500,0,1,710231729
famp6,SmallRun,NaN,1500,24,1500,1500,0,1,710241729
famp6,SmallRun,NaN,1500,25,1500,1500,0,1,710251729
famp6,SmallRun,NaN,1500,26,1500,1500,0,1,710261729
famp6,SmallRun,NaN,1500,27,1500,1500,0,1,710271729
famp6,SmallRun,NaN,1500,28,1500,1500,0,1,710281729
famp6,SmallRun,NaN,1500,29,1500,1500,0,1,710291729
famp6,SmallRun,NaN,1500,30,1500,1500,0,1,710301729
famp6,SmallRun,NaN,2000,1,2000,2000,0,1,711011729
famp6,SmallRun,NaN,2000,2,2000,2000,0,1,711021729
famp6,SmallRun,NaN,2000,3,2000,2000,0,1,711031729
famp6,SmallRun,NaN,2000,4,2000,2000,0,1,711041729
famp6,SmallRun,NaN,2000,5,2000,2000,0,1,711051729
famp6,SmallRun,NaN,2000,6,2000,2000,0,1,711061729
famp6,SmallRun,NaN,2000,7,2000,2000,0,1,711071729
famp6,SmallRun,NaN,2000,8,2000,2000,0,1,711081729
famp6,SmallRun,NaN,2000,9,2000,2000,0,1,711091729
famp6,SmallRun,NaN,2000,10,2000,2000,0,1,711101729
famp6,SmallRun,NaN,2000,11,2000,2000,0,1,711111729
famp6,SmallRun,NaN,2000,12,2000,2000,0,1,711121729
famp6,SmallRun,NaN,2000,13,2000,2000,0,1,711131729
famp6,SmallRun,NaN,2000,14,2000,2000,0,1,711141729
famp6,SmallRun,NaN,2000,15,2000,2000,0,1,711151729
famp6,SmallRun,NaN,2000,16,2000,2000,0,1,711161729
famp6,SmallRun,NaN,2000,17,2000,2000,0,1,711171729
famp6,SmallRun,NaN,2000,18,2000,2000,0,1,711181729
famp6,SmallRun,NaN,2000,19,2000,2000,0,1,711191729
famp6,SmallRun,NaN,2000,20,2000,2000,0,1,711201729
famp6,SmallRun,NaN,2000,21,2000,2000,0,1,711211729
famp6,SmallRun,NaN,2000,22,2000,2000,0,1,711221729
famp6,SmallRun,NaN,2000,23,2000,2000,0,1,711231729
famp6,SmallRun,NaN,2000,24,2000,2000,0,1,711241729
famp6,SmallRun,NaN,2000,25,2000,2000,0,1,711251729
famp6,SmallRun,NaN,2000,26,2000,2000,0,1,711261729
famp6,SmallRun,NaN,2000,27,2000,2000,0,1,711271729
famp6,SmallRun,NaN,2000,28,2000,2000,0,1,711281729
famp6,SmallRun,NaN,2000,29,2000,2000,0,1,711291729
famp6,SmallRun,NaN,2000,30,2000,2000,0,1,711301729
